title,price,link,bedrooms,bathrooms,area_sqft,description,posted_date,location,property_id,agent_name,agency_name,agency_url,verified_agency,total_agent_listings,phone_number,email,price_per_sqft,bed_bath_ratio
Brand New Apartment for Sale DHA Phase 8 (Al Murtaza Commercial),43000000.0,https://www.zameen.com/Property/dha_defence_dha_phase_8_brand_new_apartment_for_sale_dha_phase_8_al_murtaza_commercial-54065802-1485-1.html,3.0,4.0,14850.0,"A brand new apartment is available for sale in the prime commercial zone of DHA Phase 8, Al Murtaza Commercial. Offering a modern layout, practical design, and excellent investment potential, this apartment is ideal for both end-users and investors looking for strong rental yield and long-term value.  Property Features: 3 Bedrooms with Drawing & Dining (3 Bed DD) Located on 3rd Floor Lift Available 1 Dedicated Car Parking Space 1650 Sq. Ft. Covered Area Well-Maintained Building Prime Location with Strong Rental & Resale Demand",15 hours ago,"dha defence, karachi, sindh",54065802,Sardar Moin,Tabani Real Estate,https://www.zameen.com/Profile/Karachi-Tabani_Real_Estate-167089-1.html,Verified,293.0,923332279547,arauftabani@gmail.com,2895.6228956228956,0.75
1100 Square Feet Ready to Move 2 Bedroom Flats Available For Sale in Bahria heights Bahria Town Karachi,7000000.0,https://www.zameen.com/Property/bahria_town_karachi_bahria_heights_1100_square_feet_ready_to_move_2_bedroom_flats_available_for_sale_in_bahria_heights_bahria_town_karachi-54065645-11761-1.html,2.0,2.0,1098.0,"1100 Square Feet Ready to Move 2 Bedroom Flats Available For Sale in Bahria heights Bahria Town Karachi  Siraat Real Estate and Builders is an emerging real estate marketing, sales, and construction company.  We are a network of professionally trained and specialized property consultants and advisors.  We deal in almost all the leading projects of Pakistan and offers fair and dependable consultancy services. Thousands of people are connected with us,  including national and overseas investors. Our customers are our first property you are honorable to us.  So, feel free to contact us anytime for genuine real estate consultancy and investment services.  A Master-Planned Community with World-Class Infrastructure and Facilities Project Attraction Bahria Town's signature facilities and modern infrastructure Project Type Master-planned community Ideal Location Unbelievable Prices 25 minutes from Jinnah International Airport, Connected through Malir Cantt via 6 lane expressway 20 minutes from the City Centre via Metro bus",15 hours ago,"bahria town karachi, karachi, sindh",54065645,Imran Ali,SIRAAT REAL ESTATE BUILDERS,https://www.zameen.com/Profile/Karachi-SIRAAT_REAL_ESTATE_BUILDERS-190930-1.html,Verified,157.0,923001729919,siraatrealestateandbuilders@gmail.com,6375.227686703097,1.0
Ready 2-Bed Apartment For Sale In Naya Nazimabad Only 2 Crore,20000000.0,https://www.zameen.com/Property/karachi_naya_nazimabad_ready_2-bed_apartment_for_sale_in_naya_nazimabad_only_2_crore-54045936-10079-1.html,2.0,2.0,1152.0,"Luxury Living in Naya Nazimabad Ready 2-Bedroom Apartment for Sale Affordable Comfort in a Modern Gated Community A beautifully designed 2-Bedroom Ready Apartment is available for sale in the prestigious Naya Nazimabad, offering a peaceful and secure lifestyle with top-class facilities.  Price: 2 Crore Development Charges: 20 Lac Apartment Highlights 2 Spacious Bedrooms Elegant TV Lounge & Dining Area Modern Kitchen Design Stylish Attached Bathrooms Balcony with Fresh Air & Natural Light Lift Facility & Secure Building Dedicated Car Parking Naya Nazimabad Gated Community with 24/7 Security Beautiful Parks & Green Landscapes International Standard Cricket Stadium Jamia Masjid & Multiple Community Mosques Gym, Sports Complex & Swimming Pool Schools, Colleges & Educational Facilities Medical Center & Healthcare Services Commercial Markets & Restaurants Kids Play Areas & Family Recreation Spots Wide Carpeted Roads & Modern Infrastructure Prime Location Advantage Located in a well-connected part of Karachi with easy access to major roads and surrounding areas.  Contact Now for Details & Visit",17 hours ago,"naya nazimabad, karachi, sindh",54045936,Ahmed Karim,UR Property,https://www.zameen.com/Profile/Karachi-UR_Property-55984-1.html,Verified,225.0,923332175458,ahmed0333@gmail.com,17361.11111111111,1.0
Modern Living 4 Bedroom Seafront Apartment Available On Easy Instalment Plan In SAIMA Marina Residence Just 1% Monthly Payments,104500000.0,https://www.zameen.com/Property/dha_phase_8_hmr_waterfront_modern_living_4_bedroom_seafront_apartment_available_on_easy_instalment_plan_in_saima_marina_residence_just_1_monthly_payments-51566807-19639-1.html,4.0,3.0,2754.0,"Spacious 4- Bedroom Apartment Available on Easy Installment Plan in Saima Tower Just Pay 10% Down Payment Saima Waterfront is the signature development by Saima at HMR Waterfront, offering luxurious living with: Spacious 1-Bedroom Apartment with Maids Room Imported Fixtures and Fittings High Ceilings Prime Location 24/7 Security Exclusive Beach Club House World-Class Amenities, Including Swimming Pool, Gym, and Jacuzzi Flexible Payment Plan: 10% Down Payment 1% Monthly Payments 5-Year Payment Plan Hurry! Only a Few Units Left! Join us for a coffee to explore our latest project and discover how you can achieve high ROI.",18 hours ago,"dha defence, karachi, sindh",51566807,Muhammad Touseef,Dynamic Realtors,https://www.zameen.com/Profile/Karachi-Dynamic_Realtors-177669-1.html,Verified,32.0,923062610438,dynamicrealtors8@gmail.com,37944.80755265069,1.3333333333333333
Emaar Park Edge 3 Bedroom Luxury Apartment | Easy 3-Years Installment Plan | Just 10% Down Payment,105000000.0,https://www.zameen.com/Property/dha_phase_8_emaar_park_edge_emaar_park_edge_3_bedroom_luxury_apartment_easy_3-years_installment_plan_just_10_down_payment-53056894-21858-1.html,3.0,4.0,2502.0,"Live the Dubai Life in Karachi Emaar Park Edge Experience the perfect blend of blue waters and lush greenery with this luxurious 3 Bedroom Park-Facing Apartment in Emaar Park Edge. Nestled in a premium waterfront gated community, this is the lifestyle youve always dreamed of.  Highlights: Park-facing apartment with breathtaking views Luxury living inspired by Dubai standards Gray structure is almost ready move-in soon Projected 30% ROI a smart investment Flexible Payment Plan: 10% Down Payment 65% During Construction 25% at Handover For Overseas Buyers: Book online from anywhere in the world Schedule a Zoom viewing meeting for convenience Community Benefits: Secure waterfront gated community Premium amenities and lifestyle facilities Developed by Emaar, the name behind  Burj Khalifa Dubai Why Choose Dynamic? Top award-winning company Trusted by overseas Pakistanis worldwide A top choice for premium property investments",18 hours ago,"dha defence, karachi, sindh",53056894,Muhammad Touseef,Dynamic Realtors,https://www.zameen.com/Profile/Karachi-Dynamic_Realtors-177669-1.html,Verified,32.0,923062610438,dynamicrealtors8@gmail.com,41966.42685851319,0.75
Askari V Malir Cantt Sector F Apartment,38500000.0,https://www.zameen.com/Property/askari_5_askari_5_-_sector_f_askari_v_malir_cantt_sector_f_apartment-53142102-19017-1.html,3.0,4.0,2601.0,"Luxury Apartment for Sale Askari V, Sector F, Malir Cantt  West Open | 3 Bed | 2600 Sq. Ft |  Spacious, impeccably maintained 3-bedroom apartment in the secure & serene community of Askari V.  Key Highlights: 3 Bedrooms with Attached Baths Drawing & Dining (DD), Powder Room Store + Servant Quarters (Separate Access) Prime Location | Gated Community 24/7 Armed Forces Security Lush Parks & Family-Friendly Environment",10 hours ago,"cantt, karachi, sindh",53142102,Ali Bin Saeed,Manha Associates,https://www.zameen.com/Profile/Karachi-Manha_Associates-204810-1.html,Verified,32.0,923368910899,ali-saeed30@outlook.com,14801.999231064976,0.75
Askari V Malir Cantt Sector J Apartment,39000000.0,https://www.zameen.com/Property/askari_5_askari_5_-_sector_j_askari_v_malir_cantt_sector_j_apartment-53394010-17289-1.html,3.0,5.0,2700.0,"Luxury Apartment For Sale Askari V, Sector J, Malir Cantt 3 Bed | 2700 Sq. Ft | Brand New Spacious, Impeccably Maintained 3-Bedroom Apartment In The Secure &Serene Community Of Askari V.  Key Highlights: 3 Bedrooms With Attached Baths Drawing & Dining (DD), Powder Room Store + Servant Quarters (Separate Access) Prime Location | Gated Community 24/7 Armed Forces Security Lush Parks & Family-Friendly Environment Next To The Park, Masjid And Commercial Area",10 hours ago,"cantt, karachi, sindh",53394010,Ali Bin Saeed,Manha Associates,https://www.zameen.com/Profile/Karachi-Manha_Associates-204810-1.html,Verified,32.0,923368910899,ali-saeed30@outlook.com,14444.444444444445,0.6
"Apartment for Sale Askari V, Sector F, Malir Cantt",40000000.0,https://www.zameen.com/Property/askari_5_askari_5_-_sector_f_apartment_for_sale_askari_v_sector_f_malir_cantt-53440836-19017-1.html,3.0,4.0,2601.0,"Luxury Apartment for Sale Askari V, Sector F, Malir Cantt  3 Bed | 2600 Sq. Ft  Spacious, impeccably maintained 3-bedroom apartment in the secure & serene community of Askari V.  Key Highlights: 3 Bedrooms with Attached Baths Drawing & Dining (DD), Powder Room Store + Servant Quarters (Separate Access) Prime Location | Gated Community 24/7 Armed Forces Security Lush Parks & Family-Friendly Environment Next to the Park and Masjid",10 hours ago,"cantt, karachi, sindh",53440836,Ali Bin Saeed,Manha Associates,https://www.zameen.com/Profile/Karachi-Manha_Associates-204810-1.html,Verified,32.0,923368910899,ali-saeed30@outlook.com,15378.700499807766,0.75
FLAT FOR SELL 4 BED DD WITH ROOF,75000000.0,https://www.zameen.com/Property/jamshed_town_garden_east_flat_for_sell_4_bed_dd_with_roof-53933368-6922-1.html,5.0,4.0,2196.0,FLAT FOR SELL 4 BED DD WITH ROOF LOCATION: Garden East Near Pakoola MASJID Full Furnished No Work Required  2 Lifts Stand by Generator  Parking  Beautiful Lobby  24 Hour's Sweet Water  Feel Free To Contact Visit & More Details. .  Pakistan Real Estate. .  Contact on This Number,13 hours ago,"jamshed town, karachi, sindh",53933368,Makki Raza,Pakistan Real Estate,https://www.zameen.com/Profile/Karachi-Pakistan_Real_Estate-201047-1.html,Verified,29.0,923126499815,makkiraza1996@gmail.com,34153.00546448088,1.25
1170 Sqft Flat Available For Sale,11000000.0,https://www.zameen.com/Property/scheme_33_sector_18_a_quetta_town_-_sector_18-a_1170_sqft_flat_available_for_sale-54027864-9193-1.html,3.0,3.0,1170.0,1170 Sqft Flat Available For Sale.  Quetta town sector 18 A Main Highway Gate  JAN JAPAN MOTORS  2ND FLOOR  3 BED DD  BRAND NEW  LIFT FACILITY AVAILABLE  CORNER  WEST OPEN For More Information Please Contact Us.,14 hours ago,"scheme 33, karachi, sindh",54027864,Hasan Ali,Al Barakah Properties And Builders,https://www.zameen.com/Profile/Karachi-Al_Barakah_Properties_And_Builders-205315-1.html,Verified,21.0,923327914268,syed.hasanali.sales@gmail.com,9401.709401709402,1.0
SAWERA 5 SKY TOWERS. A PROJECT OF OK ESTATE & BUILDERS. 3 BED DD AND 4 BED DD WITH PRIVATE POOL AT MAIN CLIFTON ON EASY INSTALLMENTS,53500000.0,https://www.zameen.com/Property/clifton_clifton_-_block_9_sawera_5_sky_towers_a_project_of_ok_estate_builders_3_bed_dd_and_4_bed_dd_with_private_pool_at_main_clifton_on_easy_installments-52938421-1671-1.html,3.0,4.0,2223.0,"SAWERA 5 SKY TOWER (A PROJECT BY OK ESTATE & BUILDERS) on Booking Location: Plot No G-5 Imperial, Kheyaban-e-Iqbal Road, Beside Ocean Mall, Block 9 Clifton, Karachi Project Duration: 4 yearsTotal Floor: Basement Plus G+38Parking: 1st to 4 Floor Amenities on 5th Floor Apartment Type: 3 Bed DD 4 Bed DD with Private PoolLuxuries Amenities which comes with the Apartments: -Two Reserved Parking -24/7 CCTV surveillance and security-Intercom or video phone systems for visitor management-Swimming pool-Gym and fitness Center-Indoor Play Area (e. g. , squash court, table tennis, etc. )-Multi-purpose hall for events and gatherings-Smart home features (home automation systems)-Energy-efficient lighting and appliances-Dedicated parking spaces for residents-24/7 maintenance and repair services-Spa and sauna facilities-Valet parking serviceFor Booking, visit and further details:",4 hours ago,"clifton, karachi, sindh",52938421,Ahmed Ali,OK Estate builders,https://www.zameen.com/Profile/Karachi-_OK_Estate_builders-201902-1.html,Verified,235.0,923361282915,anasanwer20@hotmail.com,24066.576698155644,0.75
SAWERA ENCLAVE Luxury Apartments & Prime Commercial Spaces In Scheme 33 Possession In 3 Months,13000000.0,https://www.zameen.com/Property/karachi_scheme_33_sawera_enclave_luxury_apartments_prime_commercial_spaces_in_scheme_33_possession_in_3_months-52943398-495-1.html,2.0,2.0,1188.0,"Welcome to ""SAWERA ENCLAVE"" A Project of OK Estate & Builders.  Discover your dream home and business space in the heart of Scheme 33. A premium project designed to elevate your lifestyle! Prime Location: Plot No. C-3, Main Suparco Road, Near Mosamiyat, Scheme 33.  Apartment Options: 3 Bed DD: 1,671 Sq. Ft.  2 Bed DD (Double Balcony): 1,232 Sq. Ft.  2 Bed DD (Single Balcony): 1,188 Sq. Ft.  Commercial Spaces: Ground floor shops with basement available for sale and rent.  Size Range: 420 Sq. Ft. 1,200 Sq. Ft.  Exclusive Features: 1 reserved car parking per flat Park, gym, mosque, and indoor games 2 heavy-duty lifts in each tower Spacious layout on a main road Limited Units Available! Dont miss the chance to own a luxurious apartment or commercial space in this sought-after location.  Contact Us Today: Plan your visit now and secure your future! Syed Ahmed Ali | OK Estate & Builders",5 hours ago,"scheme 33, karachi, sindh",52943398,Ahmed Ali,OK Estate builders,https://www.zameen.com/Profile/Karachi-_OK_Estate_builders-201902-1.html,Verified,235.0,923361282915,anasanwer20@hotmail.com,10942.760942760942,1.0
Fully Renovated 3 Bed Apartment For Sale DHA Phase 8,39000000.0,https://www.zameen.com/Property/dha_phase_8_al-murtaza_commercial_area_fully_renovated_3_bed_apartment_for_sale_dha_phase_8-53816959-10370-1.html,3.0,3.0,1503.0,"Fully Renovated 3 Bed Apartment for Sale DHA Phase 8  Location: DHA Phase 8, Al Murtaza commercial Lane 2 Floor: 3rd Floor (Lift Available) Covered Area: 1500 Sq Ft Features: 3 Spacious Bedrooms Separate Drawing Room Large Dining Hall 3 Modern Washrooms Fully Renovated (Move-in Ready) Dedicated Car Parking Family Building Demand: PKR 3.90 Crore",2 hours ago,"dha defence, karachi, sindh",53816959,Ikram Farooq,M. H Realtors,https://www.zameen.com/Profile/Karachi-M.H_Realtors-168496-1.html,Verified,42.0,923009559616,ariftaimoor7@gmail.com,25948.103792415168,1.0
"Location: Al Murtaza Commercial, Lane 2 DHA Phase 8, Karachi  3-Side Corner Building",40000000.0,https://www.zameen.com/Property/dha_phase_8_al-murtaza_commercial_area_location_al_murtaza_commercial_lane_2_dha_phase_8_karachi_3-side_corner_building-53824894-10370-1.html,3.0,3.0,1503.0,"Location: Al Murtaza Commercial, Lane 2 DHA Phase 8, Karachi 3-Side Corner Building Plot Size: 400 Square Yards Demand: 4 Crore (Negotiable) Flat Features: 3 Bedrooms Drawing Room & Dining Area Lift Installed Spacious Layout Ideal for Residential or Investment  MH Realtors",2 hours ago,"dha defence, karachi, sindh",53824894,Ikram Farooq,M. H Realtors,https://www.zameen.com/Profile/Karachi-M.H_Realtors-168496-1.html,Verified,42.0,923009559616,ariftaimoor7@gmail.com,26613.43978709248,1.0
ULTRA-PREMIUM APARTMENT FOR SALE DHA PHASE VI,24000000.0,https://www.zameen.com/Property/dha_phase_6_bukhari_commercial_area_ultra-premium_apartment_for_sale_dha_phase_vi-53972436-6674-1.html,2.0,2.0,954.0,"ULTRA-PREMIUM APARTMENT FOR SALE DHA PHASE VI  Bukhari Commercial | 3 Side Corner Building  A blue-chip address in one of DHAs most elite and high-value locations.  Apartment Highlights: Fully Outclass Renovated with modern design High-End Imported Fittings & Fixtures 2 Spacious Bedrooms with attached luxury baths Elegant Drawing Room Beautiful Open View Excellent ventilation & natural light Peaceful, secure, and premium surroundings A rare apartment you wont find another unit of this class and finish anywhere in DHA.  Perfect for luxury lifestyle buyers and smart investors.  Ready to move | No work required Contact Now:",2 hours ago,"dha defence, karachi, sindh",53972436,Ikram Farooq,M. H Realtors,https://www.zameen.com/Profile/Karachi-M.H_Realtors-168496-1.html,Verified,42.0,923009559616,ariftaimoor7@gmail.com,25157.232704402515,1.0
Brand New Project Commercial Flat Capital Society Scheme 33 Brand New Flat 2 Bed Drawing Launj Booking Available,9500000.0,https://www.zameen.com/Property/scheme_33_sector_35_a_capital_cooperative_housing_society_brand_new_project_commercial_flat_capital_society_scheme_33_brand_new_flat_2_bed_drawing_launj_booking_available-53219174-8908-1.html,2.0,3.0,846.0,Capital Society Brand New Flat 2 Bed Drawing Launj 3 Attached washroom 06 Months Schedule Booking Available Boundary Wall Lease commercial plot Meetha Pani Available Ground First Second Third Fourth Floor With Roof Available On 06 Months Easy Schedule Booking Commercial Plot Not Portion.  bank loan k liye mazrat koi or option milega.  Ground floor 95 lac First floor 115 second floor 110 Third floor 105 fourth floor 125 with Roof structure Almost ready,6 hours ago,"scheme 33, karachi, sindh",53219174,Rameez Shamsi,Hassan Associates & Advertiser,https://www.zameen.com/Profile/Karachi-Hassan_Associates_&_Advertiser-164715-1.html,Verified,23.0,923009294469,rameez_shamsi@hotmail.com,11229.314420803783,0.6666666666666666
Brand New Flat For Sale,14500000.0,https://www.zameen.com/Property/federal_b_area_federal_b_area_-_block_10_brand_new_flat_for_sale-51389033-6694-1.html,2.0,2.0,900.0,2 Bed Dd Flat For Sale On Main Shahra E Pakistan On VIP Location Road Facing Corner 5th Floor,6 hours ago,"federal b area, karachi, sindh",51389033,Ibrahim Masood,Ibrahim Properties Estate and Builders,https://www.zameen.com/Profile/Karachi-Ibrahim_Properties_Estate_and_Builders-201422-1.html,Verified,30.0,923248087297,alexizsolution@gmail.com,16111.111111111111,1.0
LEASED BANK LOAN APPLICABLE BRAND NEW FLAT ALSO AVAILABLE FOR SALE,12000000.0,https://www.zameen.com/Property/scheme_33_gulzar-e-hijri_leased_bank_loan_applicable_brand_new_flat_also_available_for_sale-54067213-235-1.html,2.0,2.0,1152.0,ONLY CALL NO WHATSAPP NO MESSAGE  ONLY CALL CONTACT NO  ONLY CALL  BRAND NEW LUXURY FLAT FOR SALE IN SCHEME 33 KARACHI ALL BRAND NEW LUXURY BIGGEST PROJECT AND SOCIETY COMMERCIAL SMALL PROJECT AND BANK LOAN PROJECT AND SOCIETY BANGLOW ALSO AVAILABLE FOR SALE IN KARACHI IN REASONABLE PRICE  LOCATION SCHEME 33 KARACHI  ALL FLAT CATEGORY AVAILABLE FOR SALE  1 BED LAUNCH (450 to 500 sqft) 2 BED LAUNCH (700 to 800 sqft)  2 BED DRAWING DINING DD (900 to 1200 sqft) 3 BED DRAWING DINING DD (1036 to 1800 sqft) 4 BED DRAWING DINING DD (2200 sqft to 3600 sqft  AND DUPLEX APPARTMENT (2700 SQFT) ALSO AVAILABLE FOR SALE (NOTE BANK LOAN FLAT ALSO AVAILABLE FOR SALE AND REASONABLE PRICE INVESTER PRICE FLAT ALSO AVAILABLE FOR SALE) ( BOOKING PROJECT ALSO AVAILABLE FOR SALE) SAMPLE PICS ARE ATTACHED IN AD  BANK LOAN ALSO AVAILABLE LEASED PROJECT BRAND NEW PROJECT  LIFT AVAILABLE  LUXURY FLAT  BANK LOAN APPARTMENT ALSO AVAILABLE FOR SALE  IN PRIME LOCATION IN GULZAR E HIJRI SCHEME 33 KARACHI FACILITIES LIFT  STAND BY GENERATOR BOUNDARY WALL PROJECT BOUNDARY WALL PARKING FOR OTHER DETAIL CONTACT  HIGH RISE REAL ESTATE ONLY CALL AND WHATSAPP Contact,14 minutes ago,"scheme 33, karachi, sindh",54067213,,,,Verified,32.0,923310252412,,10416.666666666666,1.0
Prime Location 1500 Square Feet Flat In Pilibhit Cooperative Housing Society Is Best Option,16000000.0,https://www.zameen.com/Property/scheme_33_sector_18_a_pilibhit_cooperative_housing_society_prime_location_1500_square_feet_flat_in_pilibhit_cooperative_housing_society_is_best_option-53696166-10262-1.html,3.0,3.0,1503.0,Flat Available for sale Size 1500 square feet Demand 16000000 Near to masjid  Near to play ground Near to market Boundary wall society Security Guards CCTV cameras 3 bathroom 3 badroom,37 minutes ago,"scheme 33, karachi, sindh",53696166,Muhammad Anas,Khalifa Enterprises,https://www.zameen.com/Profile/Karachi-Khalifa_Enterprises-192599-1.html,Verified,18.0,923337910927,usmannathani94@gmail.com,10645.375914836992,1.0
LEASED BANK LOAN APPLICABLE BRAND NEW FLAT AVAILABLE FOR SALE,16000000.0,https://www.zameen.com/Property/scheme_33_gulzar-e-hijri_leased_bank_loan_applicable_brand_new_flat_available_for_sale-54067123-235-1.html,3.0,3.0,1602.0,ONLY CALL NO WHATSAPP NO MESSAGE ONLY CALL CONTACT NO View Contact DetailONLY CALL View Contact DetailBRAND NEW LUXURY FLAT FOR SALE IN SCHEME 33 KARACHIALL BRAND NEW LUXURY BIGGEST PROJECT AND SOCIETY COMMERCIAL SMALL PROJECT AND BANK LOAN PROJECT AND SOCIETY BANGLOW ALSO AVAILABLE FOR SALE IN KARACHI IN REASONABLE PRICE LOCATION SCHEME 33 KARACHI ALL FLAT CATEGORY AVAILABLE FOR SALE 1 BED LAUNCH (450 to 500 sqft)2 BED LAUNCH (700 to 800 sqft) 2 BED DRAWING DINING DD (900 to 1200 sqft)3 BED DRAWING DINING DD (1036 to 1800 sqft)4 BED DRAWING DINING DD (2200 sqft to 3600 sqft AND DUPLEX APPARTMENT (2700 SQFT)ALSO AVAILABLE FOR SALE(NOTE BANK LOAN FLAT ALSO AVAILABLE FOR SALE AND REASONABLE PRICE INVESTER PRICE FLAT ALSO AVAILABLE FOR SALE)( BOOKING PROJECT ALSO AVAILABLE FOR SALE)SAMPLE PICS ARE ATTACHED IN AD BANK LOAN ALSO AVAILABLE LEASED PROJECTBRAND NEW PROJECT LIFT AVAILABLE LUXURY FLAT BANK LOAN APPARTMENT ALSO AVAILABLE FOR SALE IN PRIME LOCATION IN GULZAR E HIJRI SCHEME 33 KARACHIFACILITIESLIFT STAND BY GENERATORBOUNDARY WALL PROJECTBOUNDARY WALL PARKINGFOR OTHER DETAILCONTACT HIGH RISE REAL ESTATEONLY CALL AND WHATSAPPContact View Contact Detail,1 hour ago,"scheme 33, karachi, sindh",54067123,,,,Verified,32.0,923310252412,,9987.515605493134,1.0
LEASED BANK LOAN APPLICABLE BRAND NEW FLAT ALSO AVAILABLE FOR SALE,8500000.0,https://www.zameen.com/Property/scheme_33_gulzar-e-hijri_leased_bank_loan_applicable_brand_new_flat_also_available_for_sale-54067098-235-1.html,2.0,2.0,801.0,ONLY CALL NO WHATSAPP NO MESSAGE ONLY CALL CONTACT NO View Contact DetailONLY CALL View Contact DetailBRAND NEW LUXURY FLAT FOR SALE IN SCHEME 33 KARACHIALL BRAND NEW LUXURY BIGGEST PROJECT AND SOCIETY COMMERCIAL SMALL PROJECT AND BANK LOAN PROJECT AND SOCIETY BANGLOW ALSO AVAILABLE FOR SALE IN KARACHI IN REASONABLE PRICE LOCATION SCHEME 33 KARACHI ALL FLAT CATEGORY AVAILABLE FOR SALE 1 BED LAUNCH (450 to 500 sqft)2 BED LAUNCH (700 to 800 sqft) 2 BED DRAWING DINING DD (900 to 1200 sqft)3 BED DRAWING DINING DD (1036 to 1800 sqft)4 BED DRAWING DINING DD (2200 sqft to 3600 sqft AND DUPLEX APPARTMENT (2700 SQFT)ALSO AVAILABLE FOR SALE(NOTE BANK LOAN FLAT ALSO AVAILABLE FOR SALE AND REASONABLE PRICE INVESTER PRICE FLAT ALSO AVAILABLE FOR SALE)( BOOKING PROJECT ALSO AVAILABLE FOR SALE)SAMPLE PICS ARE ATTACHED IN AD BANK LOAN ALSO AVAILABLE LEASED PROJECTBRAND NEW PROJECT LIFT AVAILABLE LUXURY FLAT BANK LOAN APPARTMENT ALSO AVAILABLE FOR SALE IN PRIME LOCATION IN GULZAR E HIJRI SCHEME 33 KARACHIFACILITIESLIFT STAND BY GENERATORBOUNDARY WALL PROJECTBOUNDARY WALL PARKINGFOR OTHER DETAILCONTACT HIGH RISE REAL ESTATEONLY CALL AND WHATSAPPContact View Contact Detail,1 hour ago,"scheme 33, karachi, sindh",54067098,,,,Verified,32.0,923320125454,,10611.735330836455,1.0
2 Bed Apartment For Sale,15000000.0,https://www.zameen.com/Property/dha_phase_5_badar_commercial_area_2_bed_apartment_for_sale-53825911-8484-1.html,2.0,2.0,999.0,APARTMENT FOR Sale DHA phase 5   2nd Floor (With Mezzanine) Proper 2 Bedrooms Huge Kitchen & Spacious Lounge Balcony Proper Family Building Tile Flooring  1000 Sqfeet  Fully Renvoted 200yard project   Ready to Move Safe & Secure Cctv camera  40 fit road Interence Need and clean  Environment | 24 Hour main Gate locked  Demand 155 Visit and more details Call WhatsApp,2 hours ago,"dha defence, karachi, sindh",53825911,Ikram Farooq,M. H Realtors,https://www.zameen.com/Profile/Karachi-M.H_Realtors-168496-1.html,Verified,42.0,923009559616,ariftaimoor7@gmail.com,15015.015015015015,1.0
1700 Square Feet Flat available for sale in Bukhari Commercial Area if you hurry,43500000.0,https://www.zameen.com/Property/dha_phase_6_bukhari_commercial_area_1700_square_feet_flat_available_for_sale_in_bukhari_commercial_area_if_you_hurry-53839986-6674-1.html,3.0,3.0,1701.0,Luxury Apartment for Sale | Big Bukhari Commercial Location: Big Bukhari Commercial Karachi An exclusive luxury apartment available for sale in one of the most prime and high-value commercial locations of the city ideal for both end-users and serious investors.  Property Highlights 400 Sq. Yards 3-Side Corner Building 1700 Sq. ft covered area Fully renovated with premium quality finishes 3 spacious bedrooms 3 modern and elegant washrooms Wide drawing & lounge area Stylish luxury kitchen 4th floor apartment High-speed lift Direct lift access from basement 1 reserved basement car parking Why this apartment? Ideal for luxury living Excellent option for rental income Strong long-term investment potential Prime commercial location with high appreciation value Demand: PKR 4.35 Crore (435 Lacs),2 hours ago,"dha defence, karachi, sindh",53839986,Ikram Farooq,M. H Realtors,https://www.zameen.com/Profile/Karachi-M.H_Realtors-168496-1.html,Verified,42.0,923009559616,ariftaimoor7@gmail.com,25573.192239858905,1.0
"Premium 4-Bed Family Apartment in Askari 6, Malir Cantt Direct Deal with Owner",37500000.0,https://www.zameen.com/Property/malir_cantonment_askari_6_premium_4-bed_family_apartment_in_askari_6_malir_cantt_direct_deal_with_owner-53767325-21109-1.html,4.0,5.0,2997.0,"Newly built apartment available in Askari 6, one of Karachis most secure and peaceful residential communities. Ideal for family living and long-term investment.  Property Details: Area: 3000 Sq Ft 4 Bedrooms with attached bathrooms & dressing Drawing & Dining TV Lounge / Hall Entrance Lobby Powder Room Modern Kitchen with excellent storage Separate Store Room Servant Room with attached bath Laundry Area 2 Elevators Private Entrance with multiple lobbies Key Features: Gated & secure society 24/7 line water No load-shedding Wide double-road approach Near mosque Peaceful & pollution-free environment Prime Access: From Malir Cantt CP-7 (Near CMH & PAF Base) From CP-2 Model Direct access from Super Highway Demand: PKR 3.85 to 4.3 crore depending on Floor Excellent resale & investment potential Contact us today for details and site visit.",4 hours ago,"cantt, karachi, sindh",53767325,,,,Verified,32.0,923214800166,,12512.512512512512,0.8
SAWERA RAJNOOR A PROJECT OF OK ESTATE & BUILDERS,56500000.0,https://www.zameen.com/Property/karachi_bath_island_sawera_rajnoor_a_project_of_ok_estate_builders-52938920-198-1.html,3.0,4.0,2115.0,"SAWERA RAJ NOOR A Project by *OK Estate & Builders* 3 Bed DD Apartments on 2.5 years Easy Installments Location : Bath Island, Chaudhary Rehmat Ali Rd, Clifton, Karachi.  *Building Amenities* - 24/7 CCTV COVERAGE - 4th Floor Parking - Excellent reception area - Marvelous entry - Stand by generator - Outdoor space - Parking Spaces - Modern Style Lobby - Central Air Conditioning - Central Heating - Electricity Backup - Waste Disposal - Service Elevators in Building - Drawing Room - Dining Room - Terrace sitting area - Lounge Area - Kids Play Area - Swimming Pool To Visit and Book your luxurious apartment:  Msg, WhatsApp or Call on the following number Ok Estate & Builders",5 hours ago,"bath island, karachi, sindh",52938920,Ahmed Ali,OK Estate builders,https://www.zameen.com/Profile/Karachi-_OK_Estate_builders-201902-1.html,Verified,235.0,923361282915,anasanwer20@hotmail.com,26713.947990543737,0.75
Nikken Sekkei Tower Luxury 1-Bedroom | 5-Year Easy Payment Plan | Only 10% Down Payment,38000000.0,https://www.zameen.com/Property/dha_phase_8_hmr_waterfront_nikken_sekkei_tower_luxury_1-bedroom_5-year_easy_payment_plan_only_10_down_payment-53832271-19639-1.html,1.0,1.0,900.0,"Nikken Sekkei Tower Designed by the world-renowned architects at Nikken Sekkei The Tilt Residence Where Architecture Meets Luxury Experience iconic living in 1, 2, 3 & 4 bedroom residences featuring: Private Pools (Selected Units) Modern Open-Plan Layouts Floor-to-Ceiling Glass Windows Panoramic City Views Smart Home Features High-End Finishing & Premium Materials Fully Equipped Gym & Wellness Area Infinity Pool & Leisure Deck 24/7 Security & Concierge Service Covered Parking Book with Just 10% Down Payment 1% Monthly Payment Plan Flexible 5-Year Payment Plan High ROI Potential Ideal for Investors & End Users Live in an architectural masterpiece. Invest in a landmark.",18 hours ago,"dha defence, karachi, sindh",53832271,Muhammad Touseef,Dynamic Realtors,https://www.zameen.com/Profile/Karachi-Dynamic_Realtors-177669-1.html,Verified,32.0,923062610438,dynamicrealtors8@gmail.com,42222.22222222222,1.0
Nikken Sikkie New Tower | 10% Down Payment | 1 Bedroom Beach Facing | The TILT Tower,43500000.0,https://www.zameen.com/Property/dha_phase_8_hmr_waterfront_nikken_sikkie_new_tower_10_down_payment_1_bedroom_beach_facing_the_tilt_tower-53416308-19639-1.html,1.0,2.0,1197.0,"Welcome to The Tilt Shayan Iconic Beachfront, an ultra-luxury, next-generation residential icon in HMR Waterfront DHA Phase 8 Karachi a project where Japanese architectural mastery meets premium Pakistani coastal living.  for details please contact us",18 hours ago,"dha defence, karachi, sindh",53416308,Muhammad Usman,Dynamic Realtors,https://www.zameen.com/Profile/Karachi-Dynamic_Realtors-177669-1.html,Verified,32.0,923222640460,dynamicrealtors8@gmail.com,36340.85213032582,0.5
Luxurious 3 Bed Flat Available In Chapal Skymark,85000000.0,https://www.zameen.com/Property/karachi_civil_lines_luxurious_3_bed_flat_available_in_chapal_skymark-54063768-493-1.html,3.0,4.0,2547.0,A premium 3-bedroom apartment is available for sale in one of Karachis tallest and most iconic residential towers located in Civil Lines.  Property Details Type: 3 Bed Drawing Dining Condition: Luxury / Modern Layout Location: Civil Lines (near Karachi Club & major landmarks)  Project Highlights 50-storey high-rise luxury tower Corner apartments with open views Modern kitchen + attached baths Spacious lounge & balconies High-speed lifts & multi-level parking Amenities Swimming pool & gym Clubhouse & indoor games Kids play area & family sitting 24/7 security & CCTV Backup systems & maintenance,19 hours ago,"civil lines, karachi, sindh",54063768,Abdullah Chohan,GHL,https://www.zameen.com/Profile/Karachi-GHL_-203975-1.html,Verified,41.0,923213932345,hayalakho@gmail.com,33372.59521005104,0.75
"Luxury 2 Bedroom Sea Facing Apartment For Sale In Emaar Crescent Bay, DHA Phase 8",44700000.0,https://www.zameen.com/Property/dha_phase_8_emaar_crescent_bay_luxury_2_bedroom_sea_facing_apartment_for_sale_in_emaar_crescent_bay_dha_phase_8-53917813-8503-1.html,2.0,2.0,1098.0,"One of Karachis most prestigious gated communities experience modern waterfront living at Emaar Crescent Bay . This 1100 Sq. ft 2 Bedroom apartment combines style, comfort, and spectacular sea views, ideal for families or investors seeking premium living.  2 Bedroom apartments are available across all 13 Crescent Bay, giving you flexibility and choice among these elite towers: The 13 Projects: 1- Coral Towers 2- Pearl Towers 3- Reef Towers 4- Park Edge 5- The Views 6- Panorama 7- H1 Tower 8- Saima Tower 9- AA Waterfront 10- H&S Residence 11- Saima Marina Residence 12- Goldcrest Bay Sands Apartment Features:  2 Bedrooms with Attached Bathrooms Spacious TV Lounge & Dining Area Private Balcony with Sea Views American Style Kitchen + Separate Kitchenette Study Room, Utility / Servant Quarter Powder Room High-End Finishes & Designer Fixtures Community Amenities:  Outdoor Swimming Pool & Childrens Pool Fully Equipped Gymnasium Kids Play Area Communal BBQ Area Retail Shops & Restaurants Business Center Landscaped Parks & Walking Tracks 24/7 Security with CCTV & Intercom Dedicated Parking & High-Speed Elevators Location Advantages:  Steps from the Arabian Sea & Private Promenade Near Do Darya, Clifton Beach Minutes from Dolmen Mall Clifton Contact today to explore 2 Bed apartments across all 13 Crescent Bay / HMR towers and secure your premium waterfront residence.",21 hours ago,"dha defence, karachi, sindh",53917813,Arbaz yousaf,Sea Front Realty,https://www.zameen.com/Profile/Karachi-Sea_Front_Realty-205136-1.html,Verified,160.0,923322060543,binyousuf.btk@gmail.com,40710.3825136612,1.0
A Prime Location 750 Square Feet Flat Located In Quetta Town - Sector 18-A Is Available For sale,6000000.0,https://www.zameen.com/Property/scheme_33_sector_18_a_quetta_town_-_sector_18-a_a_prime_location_750_square_feet_flat_located_in_quetta_town_-_sector_18-a_is_available_for_sale-53985810-9193-1.html,2.0,2.0,747.0,"A price of PKR Rs. 6000000 is a reasonable demand for a property this spacious. Karachi is the best place for real estate investment, so take a decision today to reap maximum benefit. Buy this property and you will not have any regrets. A well-constructed Flat like this doesn't come too often, so book yours while you can. The perfect 750 Square Meters Flat is available for sale now. Are you looking for property in Quetta Town - Sector 18-A? Your search is over! Confused about a listing? Call us today to have all concerns answered.",15 hours ago,"scheme 33, karachi, sindh",53985810,Hasan Ali,Al Barakah Properties And Builders,https://www.zameen.com/Profile/Karachi-Al_Barakah_Properties_And_Builders-205315-1.html,Verified,21.0,923327914268,syed.hasanali.sales@gmail.com,8032.128514056225,1.0
"Luxury 3-BedDD Apartment (Stylishly Converted into 2-BedDD Apartment) Enhanced Space & Comfort (Ground Floor) (SUI GAS AVAILABLE) (BUILDER TRANSFER) Block-7, Gulistan-e-Jauhar Karachi.",16500000.0,https://www.zameen.com/Property/gulistan_e_jauhar_gulistan-e-jauhar_-_block_7_luxury_3-beddd_apartment_stylishly_converted_into_2-beddd_apartment_enhanced_space_comfort_ground_floor_sui_gas_available_builder_transfer_block-7_gulistan-e-jauhar_karachi-54065781-6831-1.html,3.0,3.0,1350.0,"---KINGS COTTAGES--- (All pics are original) AVAILABLE FOR SALE Spacious 2-BedDD Flat (Originally 3-Bed) Smartly Converted & Well-Maintained Ground Floor - COVERED AREA (1350 Sq Fts)  In Secured Boundary Wall Project @Main University Road (400 Ft) KINGS COTTAGES Wherein: 24/7 SuiGas Available (SSGC meter installed) 24/7 Sweet Water Available (Along With R. O Plant Facility) 24/7 Electricity Available (No Load Shedding) Peaceful Family Environment Big Jama Masjid Inside Boundary Wall Generator Power Backup, Also Inside The Apartment Compound Car Parking, Security CCTV Camera, Security Guards Location: Main University Road, Near Pizza Max, Johar Complex Apartment K Bilkul Aamne Saamne, Block-7 Gulistan E Jauhar.  Demanded: Rs. 1 Crore 65 Lacs (Slightly Negotiable) Builder Transfer Fee: 05 Lacs Will Be Paid By The Purchaser To The Builder.  Further Details: Saeedullah Shaikh Ashiana Properties View Contact Detail",15 hours ago,"gulistan-e-jauhar, karachi, sindh",54065781,Saeedullah Shaikh,Ashiana Properties,https://www.zameen.com/Profile/Karachi-Ashiana_Properties-196897-1.html,Verified,17.0,923337111031,ashianaproperties786@gmail.com,12222.222222222223,1.0
994Sqft Luxury Apartment Available For sale in Bahria Town Karachi,8700000.0,https://www.zameen.com/Property/bahria_town_karachi_bahria_town_-_precinct_19_994sqft_luxury_apartment_available_for_sale_in_bahria_town_karachi-54029130-10030-1.html,2.0,2.0,990.0,"Experience a new level of elegance, comfort, and prestige with our exclusive fully furnished luxury apartments designed for those who demand nothing but the best.  Step into a space where every detail speaks of sophistication from designer interiors to high-end furnishings, crafted to perfection.  Luxury Features Include: Imported designer dcor Elegant bedrooms with premium fittings Modern kitchen with high-end appliances Branded air-conditioning & fixtures Tastefully designed interiors with luxury finishing Ready-to-move just bring your lifestyle 24/7 gated security & surveillance Reserved parking & high-speed elevators Peaceful, clean & well-maintained environment Close proximity to top dining, shopping & essentials Prime Location Advantage: Situated in the heart of Bahria Town, offering privacy, accessibility, and prestige all in one place.",16 hours ago,"bahria town karachi, karachi, sindh",54029130,Muhammad Mehboob,Salaam Estate and Builders,https://www.zameen.com/Profile/Karachi-Salaam_Estate_and_Builders-205131-1.html,Verified,16.0,923007888296,seb7888296@gmail.com,8787.878787878788,1.0
Bahria Appartment precinct 19 950sqft 2bed appartment available for sale in very low price,6400000.0,https://www.zameen.com/Property/bahria_town_karachi_bahria_town_-_precinct_19_bahria_appartment_precinct_19_950sqft_2bed_appartment_available_for_sale_in_very_low_price-54052577-10030-1.html,2.0,2.0,954.0,"Precinct 19 in Bahria Town Karachi offers well-planned 2- bedroom apartments with modern amenities in a secure and family-friendly community. Apartment OverviewSize & Layout: Apartments range from approximately 950 sq. yd. and feature 2 bedrooms with modern kitchens, bathrooms, and spacious living and dining areas. Many units include balconies with scenic views 2. Price Range:without key apartments minimum 64 and maximum 70 lacs and with key aprtments Starting from around PKR 75 Lakh up to approximately PKR 87 Lakh, depending on size and configuration 2. Purpose: Available for sale, suitable for small families, professionals, or as rental investment opportunities 1.3 SourcesLocation & Community FeaturesPrime Location: Situated in Precinct 19, these apartments are close to daily needs including shops, mosques, parks, schools, and healthcare facilities 2. Security: Bahria Town Karachi provides 24/7 security with gated access, surveillance cameras, and a safe community environment 1. Recreational & Nearby Facilities: Access to community parks, recreational areas, and shopping centers is convenient, promoting a family-friendly lifestyle 1.2 SourcesDesign & AmenitiesInterior Features: Contemporary fixtures, functional layouts, and comfortable living spaces designed for privacy and convenience 1. Utility Services: Uninterrupted power supply with backup generators and well-developed infrastructure. Community planning ensures smooth accessibility within the precinct 1. Investment Potential: High demand for residential properties in Precinct 19 makes these apartments a promising investment.",16 hours ago,"bahria town karachi, karachi, sindh",54052577,Muhammad Mehboob,Salaam Estate and Builders,https://www.zameen.com/Profile/Karachi-Salaam_Estate_and_Builders-205131-1.html,Verified,16.0,923007888296,seb7888296@gmail.com,6708.595387840671,1.0
EMAAR APARTMENT FOR SALE,155000000.0,https://www.zameen.com/Property/emaar_crescent_bay_emaar_coral_towers_emaar_apartment_for_sale-54064686-10721-1.html,4.0,6.0,3996.0,Luxurious apartment of emaar 01 seriess coral north floor apartment 4000sqft Partial sea facing view  . 4bedroom  . 6 washroom (2 with tub) . Spacious launch  . Mid launch  . Spacious kitchen  . Dirty kitchen  . Maid room  . 5 balconies  . 2 cars parking  (Without furniture except attached wardrobes) Demand 15.50 crore,18 hours ago,"dha defence, karachi, sindh",54064686,Usman Khan,ZE Real Estate,https://www.zameen.com/Profile/Karachi-ZE_Real_Estate-196622-1.html,Verified,23.0,923249250647,uk3583959@gmail.com,38788.78878878879,0.6666666666666666
Fair-Priced 1671 Square Feet Flat Available In Suparco Road,21500000.0,https://www.zameen.com/Property/karachi_suparco_road_fair-priced_1671_square_feet_flat_available_in_suparco_road-52949662-10698-1.html,3.0,4.0,1674.0,"Welcome To ""SAWERA ENCLAVE"" A Project Of OK Estate &Amp; Builders.  Discover Your Dream Home And Business Space In The Heart Of Scheme 33. A Premium Project Designed To Elevate Your Lifestyle! Prime Location: Plot No. C-3, Main Suparco Road, Near Mosamiyat, Scheme 33.  Apartment Options: 3 Bed DD: 1,671 Sq. Ft.  2 Bed DD (Double Balcony): 1,232 Sq. Ft.  2 Bed DD (Single Balcony): 1,188 Sq. Ft.  Commercial Spaces: Ground Floor Shops With Basement Available For Sale And Rent.  Size Range: 420 Sq. Ft. 1,200 Sq. Ft.  Exclusive Features: 1 Reserved Car Parking Per Flat Park, Gym, Mosque, And Indoor Games 2 Heavy-Duty Lifts In Each Tower Spacious Layout On A Main Road Limited Units Available! Dont Miss The Chance To Own A Luxurious Apartment Or Commercial Space In This Sought-After Location.  Contact Us Today: Plan Your Visit Now And Secure Your Future! OK Estate & Builders",5 hours ago,"suparco road, karachi, sindh",52949662,Ahmed Ali,OK Estate builders,https://www.zameen.com/Profile/Karachi-_OK_Estate_builders-201902-1.html,Verified,235.0,923361282915,anasanwer20@hotmail.com,12843.488649940264,0.75
SAWERA RESIDENCY Premium 3 Bed D/D Apartments In Easy Instalments At Frere Town,41000000.0,https://www.zameen.com/Property/karachi_frere_town_sawera_residency_premium_3_bed_d_d_apartments_in_easy_instalments_at_frere_town-52955385-224-1.html,3.0,4.0,1602.0,Sawera Residency Apartments A Project of OK Estate and Builders  3 Bed DD Apartments  Possession in 2025  Location: Frere Town Clifton Karachi.  Net Area: 1600 Sqft Booking Price: 3.70/-Crore+ Own amount as Per market 24/7 CCTV COVERAGE 4th Floor Parking Excellent reception area Marvelous entry Stand by generator Amenities Main Features Parking Spaces Lobby in Building Double Glazed Windows Central Air Conditioning Central Heating Electricity Backup Waste Disposal Service Elevators in Building Drawing Room Dining Room Powder Room Lounge Community Features Swimming Pool First Aid or Medical Centre Day Care Centre Kids Play Area  For more details:  OK Estate & Builders,5 hours ago,"frere town, karachi, sindh",52955385,Ahmed Ali,OK Estate builders,https://www.zameen.com/Profile/Karachi-_OK_Estate_builders-201902-1.html,Verified,235.0,923361282915,anasanwer20@hotmail.com,25593.008739076155,0.75
BRAND NEW 2 BED APARTMENT FOR SALE IN BADAR COMMERCIAL PHASE 5 DHA,14000000.0,https://www.zameen.com/Property/dha_phase_5_badar_commercial_area_brand_new_2_bed_apartment_for_sale_in_badar_commercial_phase_5_dha-53277745-8484-1.html,2.0,2.0,900.0,"Apartment for sale 3rd floor with lift Badar commercial Phase 5, DHA 2 bedrooms attach bathrooms Drawing room Kitchen Lounge Please call for further details. Thank you",6 hours ago,"dha defence, karachi, sindh",53277745,Shah Zaib,Kun Enterprises,https://www.zameen.com/Profile/Karachi-Kun_Enterprises-159456-1.html,Verified,10.0,923018285682,kunenterpriseskhi@gmail.com,15555.555555555555,1.0
FULLY RENOVATED TILE FLOORING 2 BEDROOM APARTMENT WITH 2 KITCHENS FOR SALE IN DHA PHASE 5,11000000.0,https://www.zameen.com/Property/dha_defence_dha_phase_5_fully_renovated_tile_flooring_2_bedroom_apartment_with_2_kitchens_for_sale_in_dha_phase_5-53479674-1482-1.html,2.0,2.0,954.0,"Fully renovated 950 sq ft Tile flooring Family building Phase 5, DHA 2 spacious bedrooms with attached bathrooms and wardrobes Drawing room Lounge 2 kitchens 3rd floor big gallery with washing area maintained building peaceful vicinity near khayaban-e-Badar Please call for further details. Thank you.",6 hours ago,"dha defence, karachi, sindh",53479674,Shah Zaib,Kun Enterprises,https://www.zameen.com/Profile/Karachi-Kun_Enterprises-159456-1.html,Verified,10.0,923018285682,kunenterpriseskhi@gmail.com,11530.398322851153,1.0
FULLY RENOVATED SECOND FLOOR 2 BED APARTMENT FOR SALE IN BADAR COMMERCIAL DHA,15500000.0,https://www.zameen.com/Property/dha_phase_5_badar_commercial_area_fully_renovated_second_floor_2_bed_apartment_for_sale_in_badar_commercial_dha-53721121-8484-1.html,2.0,2.0,954.0,Apartment For Sale Fully Renovated 2nd Floor Family Building Badar Commercial Main 10th Street 2 Bedrooms Drawing Dining Kitchen Tile Flooring Please Call For Further Details. Thank You,6 hours ago,"dha defence, karachi, sindh",53721121,Shah Zaib,Kun Enterprises,https://www.zameen.com/Profile/Karachi-Kun_Enterprises-159456-1.html,Verified,10.0,923018285682,kunenterpriseskhi@gmail.com,16247.379454926624,1.0
Flat 4 BED DD At Civil Lines For Sale,95000000.0,https://www.zameen.com/Property/karachi_civil_lines_flat_4_bed_dd_at_civil_lines_for_sale-53456020-493-1.html,4.0,4.0,2403.0,"Flats Available On Booking At Prime Location Of Civil Lines Nearby ""The Grand Marquee"", Lilly Bridge &Amp; ""PACC""* *Renowned, Trusted &Amp; Reliable Builders Of Clifton* *4 BED DD Super Ultra Luxury Apartments* *Amenities Includes:* * High Speed Lifts * Car Lifts, Cargo Lifts * Swimming Pool (Private &Amp; For Resident Both) * 3 Reserved Car Parkings, * Standby Generator, * Gymnasium, * Mosque * Lobby, * Fire Fighting System And Much More.  *5 To 6 Years Easy Monthly Installment Plan* *Pricing:* *Starting From 9.5Cr To 13Cr* Get In Touch For Booking &Amp; Other Details.",8 hours ago,"civil lines, karachi, sindh",53456020,Faizan Kothari,Grace Property Solutions,https://www.zameen.com/Profile/Karachi-Grace_Property_Solutions-203394-1.html,Verified,29.0,923343800237,faizan.bantva@gmail.com,39533.91593841032,1.0
"Brand New, 1st Floor, West Open 2 Bed Lounge Flat For Sale In Karachi University Society",8000000.0,https://www.zameen.com/Property/scheme_33_karachi_university_housing_society_brand_new_1st_floor_west_open_2_bed_lounge_flat_for_sale_in_karachi_university_society-48502066-9184-1.html,2.0,2.0,648.0,Karachi University CHS Sector 18-A Brand new 2 Bed Lounge With Attach Bath 650 sqft All Utilities Available gas water Electricity  West Open Near To Park Near To Masjid 24 Hours Electricity Water And Security Gated Community Boundary Wall Society Peaceful Environment,10 hours ago,"scheme 33, karachi, sindh",48502066,Musaib Haider,Rauf Corporation & Real Estate,https://www.zameen.com/Profile/Karachi-Rauf_Corporation_&_Real_Estate-190961-1.html,Verified,38.0,923118350684,raufcorp@yahoo.com,12345.67901234568,1.0
ZAINAB HABIB TOWER BY SAWERA  A PROJECT BY OK ESTATE & BUILDERS,78500000.0,https://www.zameen.com/Property/karachi_khalid_bin_walid_road_zainab_habib_tower_by_sawera_a_project_by_ok_estate_builders-53572890-253-1.html,3.0,4.0,2898.0,"*Pre-Launch Alert* A New Residential Landmark on Khalid Bin Waleed Road A Project by OK Estate & Builders Step into a rare pre-launch window on one of Karachis fastest-evolving and most sought-after residential corridors. This G+22 premium development offers exceptional potential for both end-users and long-term investors looking for strong appreciation and secure returns.  Apartment Options: 3 Bed DD 1,950 Sq. ft 4 Bed DD 2,950 sq. ft Project Structure Ground + 22 Floors 1st6th Floors: Dedicated Parking 18 Residential Floors 5 Apartments per Floor Delivery & Payment Plan: Project Duration: 4 Years 25% Down Payment (within 6 months) 10% on Possession 65% Easy Monthly Installments Pre-launch inventory is live secure your unit before the upcoming price revision.   Bookings & Details:  View Contact Detail Syed Ahmed Ali  OK Estate & Builders",5 hours ago,"khalid bin walid road, karachi, sindh",53572890,Ahmed Ali,OK Estate builders,https://www.zameen.com/Profile/Karachi-_OK_Estate_builders-201902-1.html,Verified,235.0,923361282915,anasanwer20@hotmail.com,27087.646652864045,0.75
BOOKING 2 BED APARTMENT IN THE AA WATERFRONT APARTMENT IN HMR WATERFRONT,86000000.0,https://www.zameen.com/Property/dha_phase_8_hmr_waterfront_booking_2_bed_apartment_in_the_aa_waterfront_apartment_in_hmr_waterfront-53773143-19639-1.html,2.0,2.0,1944.0,"BOOKING 2 BED APARTMENT IN THE AA WATERFRONT APARTMENT IN HMR WATERFRONT  AA WATERFRONT LUXURY SEA VIEW APARTMENT Type: C1 (Corner Unit) 2 Bed Luxury Apartment  Sea View Facing  Experience Premium Waterfront Living with Modern Design and Breathtaking Sea Views.  Apartment Details: 2 Bedrooms Corner Unit Luxury Finishing Sea View Total Area: 1945 Sq. Ft.  Payment Plan: On Booking (May 2025): PKR 4,300,000 Confirmation (June 2025): PKR 4,300,000 Allocation (July 2025): PKR 4,300,000 Inception (August 2025): PKR 4,300,000 48 Monthly Installments: PKR 1,075,000 Possession: PKR 17,200,000 Two Car Parking Included Prime Waterfront Location Ideal for Living & Investment Total Price: PKR 86,000,000 For Booking & Details Contact: ZAHID ESTATE Zahid Hussain I HAVE MANY MORE FLATS AVAILABLE FOR BOOKING  AND SALE IN THE AA WATERFRONT APARTMENT IN THE HMR WATERFRONT",5 hours ago,"dha defence, karachi, sindh",53773143,ZAHID ESTATE,Zahid Estate,https://www.zameen.com/Profile/Karachi-Zahid_Estate-186982-1.html,Verified,82.0,923032893925,zahidd1@hotmail.com,44238.68312757202,1.0
Gulshan E Maymar Sector Y AHMED FOUNTAIN VIEW Reserve A West Open Flat,15000000.0,https://www.zameen.com/Property/gulshan_e_maymar_gulshan-e-maymar_-_sector_y_gulshan_e_maymar_sector_y_ahmed_fountain_view_reserve_a_west_open_flat-53142303-6761-1.html,3.0,3.0,1602.0,Gulshane Maymar Sector Y _*```AHMED FOUNTAIN VIEW*_ ``` *1st Floor* *3Bed Drawing Launj 1650 Sqft Corner West Open Park Facing Two Lifts Basement Parking Standby Generator RO Plant CCTV Cameras Ultra Gloss Kitchens 2 Bed Launj 2 Bed Drawing Launj Also Available Fori Possession,6 hours ago,"gadap town, karachi, sindh",53142303,Rameez Shamsi,Hassan Associates & Advertiser,https://www.zameen.com/Profile/Karachi-Hassan_Associates_&_Advertiser-164715-1.html,Verified,23.0,923009294469,rameez_shamsi@hotmail.com,9363.295880149813,1.0
Gulshane Maymar Sector Y *MEHRAN ICON*_Idyllic Corner Flat Available In Gulshan-E-Maymar - Sector Y For Sale,16000000.0,https://www.zameen.com/Property/gulshan_e_maymar_gulshan-e-maymar_-_sector_y_gulshane_maymar_sector_y_mehran_icon_idyllic_corner_flat_available_in_gulshan-e-maymar_-_sector_y_for_sale-53142304-6761-1.html,3.0,4.0,1854.0,Gulshane maymar sector y  *MEHRAN ICON*_ *3 bed drawing launj*  4 Attached washrooms 1850 sqft corner  west open  road facing  2 passenger lift cargo lift  capsule lift standby generator  reserve car parking  play area pray area firefighting  garbage shoot  convention hall reception intercom system  CCTV monitoring system  RO plant 2 bed drawing launj 1475 sqft Also Available  Demand 160 cr flats available for every flloor every catogery 2 bed 3 bed drawing shops also available on this projects,6 hours ago,"gadap town, karachi, sindh",53142304,Rameez Shamsi,Hassan Associates & Advertiser,https://www.zameen.com/Profile/Karachi-Hassan_Associates_&_Advertiser-164715-1.html,Verified,23.0,923009294469,rameez_shamsi@hotmail.com,8629.989212513485,0.75
Prime Location 1450 Square Feet Flat For Sale In The Perfect Location Of Federal B Area - Block 10,22500000.0,https://www.zameen.com/Property/federal_b_area_federal_b_area_-_block_10_prime_location_1450_square_feet_flat_for_sale_in_the_perfect_location_of_federal_b_area_-_block_10-53538956-6694-1.html,3.0,3.0,1449.0,"Just Know That A Purchasing Opportunity Like This Doesn'T Come Easy. 1450 Square Feet Properties Are Best For Investment As Well As Living Purposes. Looking For A Flat? Well, Don'T Search Any Further, Because We'Ve Got Just The Right Flat Unit To Fit Your Bill. The Recent Market Trend Makes The City Of Karachi An Attractive Place For Property Investors. Federal B Area - Block 10 Is Away From The Hustle And Bustle Of The Main City Thus Giving The Peace Of Mind You Need Most. You Will Be Hard-Pressed To Find Such A Price Of Rs. 2250000 In The Area.  To Book Your Unit, Get In Touch With Us Today.",6 hours ago,"federal b area, karachi, sindh",53538956,Ibrahim Masood,Ibrahim Properties Estate and Builders,https://www.zameen.com/Profile/Karachi-Ibrahim_Properties_Estate_and_Builders-201422-1.html,Verified,30.0,923248087297,alexizsolution@gmail.com,15527.950310559007,1.0
Flat For Sale,14500000.0,https://www.zameen.com/Property/federal_b_area_federal_b_area_-_block_10_flat_for_sale-53748171-6694-1.html,3.0,3.0,1251.0,Road Facing Flat For Sale At Main Shahra E Pakistan Near Bin Hashim,6 hours ago,"federal b area, karachi, sindh",53748171,Ibrahim Masood,Ibrahim Properties Estate and Builders,https://www.zameen.com/Profile/Karachi-Ibrahim_Properties_Estate_and_Builders-201422-1.html,Verified,30.0,923248087297,alexizsolution@gmail.com,11590.727418065548,1.0
Bisma Greens Flat For sale Sized 2200 Square Feet,65000000.0,https://www.zameen.com/Property/gulistan_e_jauhar_block_15_bisma_greens_bisma_greens_flat_for_sale_sized_2200_square_feet-53761816-10546-1.html,4.0,5.0,2196.0,Flat For Sale Bisma Greens 4 Bed Dd 2200 Sqft Full Furnished Corner West Open Road Facing Demand 6.5 Cror,7 hours ago,"gulistan-e-jauhar, karachi, sindh",53761816,Khalid Memon,Vital Properties,https://www.zameen.com/Profile/Karachi-Vital_Properties-186877-1.html,Verified,19.0,923321314137,khalid.2555@gmail.com,29599.27140255009,0.8
3 Bed Apartment For Sale In Precinct 19 BAHRIA Town Karachi,20000000.0,https://www.zameen.com/Property/bahria_town_karachi_bahria_apartments_3_bed_apartment_for_sale_in_precinct_19_bahria_town_karachi-54066978-9030-1.html,3.0,4.0,2304.0,"2300Sqft Like A Brand New Apartment For Sale In Precinct 19 ( BAHRIA APARTMENTS) BAHRIA Town Karachi Bahria Apartments Are Located On Jinnah Ave And Right Next To Main Entrance Gate Of Bahria Town Karachi.  It's A Brand New Apartment And Location Is Also Good. More Than 3000 Families Are Already Living In Bahria Apartments Tower 7 Apartment  1st Floor Apartment Compound Face Apartment  Walking Distance From Market, Park, Mosque Accommodation 3 Master Bed Rooms Attached Bath TV Lounge Kitchen Store Room Laundry Area Powder Room Car Parking Area Double Terrace  Beautiful View From Terrace Bahria Town Karachi Comes With World Class Amenities And Some Amazing Tourist Attractions Like Full Size Replica Of Taj Mahal, Central Park, Carnival, Dancing Fountain, Eiffel Tower, Rafi Cricket Stadium And Much More Please Note That More Options Of Apartments,125 Plots And Villas Are Also Available In Different Blocks Of Bahria Town Karachi.  Bahria Town Karachi Is A Master-Planned Gated Community Which Promises The International Standards Of Infrastructure And State-Of-The-Art Amenities To Its Residents.  Here Are Some Of The Features Of Bahria Town Karachi World Class Security With 24 7 Surveillance Commercial Areas, Gold-Class Cinemas, International Standard Hospitals State-Of- The-Art Sports Facilities, Community Sports Club & Zoo World-Class Schools, Colleges And International University International Theme Park, Play-Land And Water-Rides Monuments Of Wonders Of The World Like Eiffel Tower, Taj-Mahal And Statue Of Liberty Grand Jamia Mosque With Capacity Of About 1 Million 5-Star International Hotel & USGA Standard Golf Course Grid Station & Telephone-Exchange Transport System From Bahria Town To City Centre 100 Backup Power (No Load-Shedding) And Much More",8 hours ago,"bahria town karachi, karachi, sindh",54066978,,,,Verified,32.0,923204062862,,8680.555555555555,0.75
2 Bedrooms City Facing Apartment Available For Sale,72500000.0,https://www.zameen.com/Property/dha_phase_8_emaar_panorama_2_bedrooms_city_facing_apartment_available_for_sale-53061914-17182-1.html,2.0,4.0,1800.0,Ideal Apartment For Living In Panorama Tower. . . .  Peaceful Environment.  Reasonable Demand.  Interested Persons Welcome To Visit The Property.  Please Feel Free To Call Us If You Need Further Details About It.  We Request That Only Serious Individuals Contact Us To Make An Immediate Deal. Please Remember To Mention Zameen. Com When Calling.,18 hours ago,"dha defence, karachi, sindh",53061914,Muhammad Usman,Dynamic Realtors,https://www.zameen.com/Profile/Karachi-Dynamic_Realtors-177669-1.html,Verified,32.0,923222640460,dynamicrealtors8@gmail.com,40277.77777777778,0.5
Reserve A Prime Location Flat Of 1100 Square Feet Now In Gulistan-e-Jauhar - Block 17,10500000.0,https://www.zameen.com/Property/gulistan_e_jauhar_gulistan-e-jauhar_-_block_17_reserve_a_prime_location_flat_of_1100_square_feet_now_in_gulistan-e-jauhar_-_block_17-54004609-6841-1.html,2.0,2.0,1098.0,Hunaid Cottage For Sale Hunaid Cottage Block 17 Gulistan E Jahor 2bed Drawing Lounge 1st Floor Sweet Water 24 Hours Light Amircain Kitchen Fully Tiles Floor Fully Renovated 1100 Square Feet Leased Demand 1core 5 Lacs,19 hours ago,"gulistan-e-jauhar, karachi, sindh",54004609,Naseer Ahmed,N. Z Associates,https://www.zameen.com/Profile/Karachi-N.Z_Associates_-186639-1.html,Verified,17.0,923212532014,naseer.ahmedbigdeal112@gmail.com,9562.841530054644,1.0
"2 Bed Drawing Lounge Apartment + Extra Land For Sale Palm Residency, Phase 1, Block 3A, Gulistan-e-Johar",18500000.0,https://www.zameen.com/Property/gulistan_e_jauhar_palm_residency_2_bed_drawing_lounge_apartment_extra_land_for_sale_palm_residency_phase_1_block_3a_gulistan-e-johar-53542049-9173-1.html,2.0,2.0,1278.0,"Palm Residency, Phase 1, Block 3A, Gulistan-e-Johar 2 Bed Drawing Lounge Apartment + Extra Land For Sale - Location: Block 3A, Gulistan-e-Johar, Karachi - Property Details: - 2 Bedrooms - Drawing room - Lounge - 1st Floor - Leased flat - Extra land included (added value) - Demand: Rs. 1.85 Cr - Project: Palm Residency Phase 1 - Ideal for: Small families, professionals, or investment - Amenities Nearby: - Schools - Parks - Shops - Gulistan-e-Johar amenities",19 hours ago,"gulistan-e-jauhar, karachi, sindh",53542049,Faraz Ahmed,Al Hadi Realtor Associates,https://www.zameen.com/Profile/Karachi-Al_Hadi_Realtor_Associates-174777-1.html,Verified,67.0,923342246016,syedfarazahmed680@gmail.com,14475.743348982785,1.0
West Open | 2nd Floor | 750 Sq Ft | 2 Bed Lounge | Lease In Progress Available For Sale In Falaknaz Harmony,9200000.0,https://www.zameen.com/Property/karachi_falaknaz_harmony_west_open_2nd_floor_750_sq_ft_2_bed_lounge_lease_in_progress_available_for_sale_in_falaknaz_harmony-53832194-21461-1.html,2.0,2.0,747.0,"A fantastic opportunity to own a flat in a prime location! This 2 bed lounge on the 2nd floor is west open, offering a pleasant view. The lease is in progress, and the flat spans 750 sq ft, perfect for a cozy living space.  - Flat Details: - Location: Falaknaz Harmony - 2 bed lounge, 2nd floor - West open - Lease in progress - 750 sq ft - Demand: 92 Lac - Why Choose This? - Prime location with good connectivity - Spacious 2 bed lounge - West open for a pleasant view - Lease in progress, ready for possession Contact Us Al-Hadi Realtors and Associates WhatsApp us on : For More Properties Please Visit Our Page :",20 hours ago,"falaknaz harmony, karachi, sindh",53832194,Faraz Ahmed,Al Hadi Realtor Associates,https://www.zameen.com/Profile/Karachi-Al_Hadi_Realtor_Associates-174777-1.html,Verified,67.0,923342246016,syedfarazahmed680@gmail.com,12315.930388219545,1.0
"10th Floor Corner Flat Millennium Askari Facing 3 Bed DD 1800 Square Feet Leased Flat For Sale In Saima Mall And Residency, Gulshan-E-Iqbal, Block 10-A",32500000.0,https://www.zameen.com/Property/gulistan_e_jauhar_saima_mall_residency_10th_floor_corner_flat_millennium_askari_facing_3_bed_dd_1800_square_feet_leased_flat_for_sale_in_saima_mall_and_residency_gulshan-e-iqbal_block_10-a-53822775-22364-1.html,3.0,3.0,1800.0,"Saima Mall and Residency is a luxurious project in a prime location! This 10th floor corner flat offers a stunning view of Millennium Askari. The leased flat features 3 bed DD, 1800 sq ft of living space, perfect for a comfortable lifestyle.  - Flat Details: - Location: Saima Mall and Residency, Gulshan-e-Iqbal, Block 10-A - 10th floor, corner flat - Millennium Askari facing - 3 bed DD, 1800 sq ft - Leased flat - Demand: 3.25 Crore - Why Choose This? - Prime location in Gulshan-e-Iqbal - Luxurious project with modern amenities - Stunning view of Millennium Askari - Spacious 3 bed DD flat Want to schedule a visit or get more details? Call/WhatsApp us now! Contact Us Al-Hadi Realtors and Associates #bahriatownkarachi #alhadirealtors #gulshaneiqbal  #realestate #propertyinvesting #propertymanagement #PersonalProperty #intellectualpropertylaw #propertylaw",20 hours ago,"gulistan-e-jauhar, karachi, sindh",53822775,Faraz Ahmed,Al Hadi Realtor Associates,https://www.zameen.com/Profile/Karachi-Al_Hadi_Realtor_Associates-174777-1.html,Verified,67.0,923342246016,syedfarazahmed680@gmail.com,18055.555555555555,1.0
MUNIR RESORT 2 BED LOUNGE FOR SALE,8000000.0,https://www.zameen.com/Property/gulistan_e_jauhar_gulistan-e-jauhar_-_block_18_munir_resort_2_bed_lounge_for_sale-53568104-6842-1.html,2.0,2.0,747.0,MUNIR RESORT LEASED APARTMENET  LOAN APPLICABLE  WEST OPEN 750 SQ FT  2 BED LOUNGE,20 hours ago,"gulistan-e-jauhar, karachi, sindh",53568104,Waqar Khan,Damin Estate,https://www.zameen.com/Profile/Karachi-Damin_Estate-201590-1.html,Verified,41.0,923093335032,waqarninty3@gmail.com,10709.5046854083,1.0
Sawera Grand Enclave. A Project By Ok Estate & Builders,9500000.0,https://www.zameen.com/Property/scheme_33_gulzar-e-hijri_sawera_grand_enclave_a_project_by_ok_estate_builders-53360943-235-1.html,2.0,2.0,909.0,"SAWERA GRAND ENCLAVE  A Project by OK Estate & Builders  Booking Now Live!  Booking starts from 4.75 lacs only.  Were excited to announce the soft launch of our new project on Main Super Highway. Take advantage of special pre-launch prices before rates go up! Location: https://maps. app. goo. gl/kes6nJibHox23Cbt9?g_st=ipc Available Categories: 2 Bed Lounge 2 Bed DD 3 Bed DD Payment Plan: 20% Booking (within 4 months) 72 Monthly Installments 4% on Possession Amenities: Swimming Pool, Padel/Tennis Court, Gym, Community Hall, Sauna, Jacuzzi, Kids Play Area & Reserved Parking For Booking & Details: Ahmed Ali | View Contact Detail OK Estate & Builders wa. me/View Contact Detail",5 hours ago,"scheme 33, karachi, sindh",53360943,Ahmed Ali,OK Estate builders,https://www.zameen.com/Profile/Karachi-_OK_Estate_builders-201902-1.html,Verified,235.0,923361282915,anasanwer20@hotmail.com,10451.045104510451,1.0
SEA VIEW APARTMENT FOR SALE,74000000.0,https://www.zameen.com/Property/karachi_sea_view_apartments_sea_view_apartment_for_sale-53736057-7292-1.html,3.0,3.0,2403.0,"SEA VIEW APARTMENT FOR SALE.  Out of market  2400+. SQFT  GROUND FLOOR  3, BEDROOM  DRAWING DAINING BIG TV LOUNGE  TILED BATH  TILED FLOORING  SERVENT ROOM FULL RENOVATED LUSH GREEN GARDEN  2,3 CAR PARKING  Asking,740/negotiable",8 hours ago,"sea view apartments, karachi, sindh",53736057,Ahmed Ali Butt,Baigs Properties,https://www.zameen.com/Profile/Karachi-Baigs_Properties-172678-1.html,Verified,122.0,923231325206,arsalan.hasmi1984@gmail.com,30794.839783603828,1.0
Flat For Sale Booking Open In Callachi Co-Operative Housing Society,35000000.0,https://www.zameen.com/Property/gulshan_e_iqbal_gulshan-e-iqbal_-_block_10-a_flat_for_sale_booking_open_in_callachi_co-operative_housing_society-54066738-8894-1.html,4.0,4.0,2196.0,"Callachi Cooperative Housing Society, Gulshan-e-Iqbal - Block 10-A, Gulshan-e-Iqbal, Gulshan-e-Iqbal Town, Karachi, Sindh offeres unparalleled residential facilities with a vision to create the ideal space to harmonize with your lifestyle.  offeres 3,4 5 Bedrooms Luxury Apartments with High Class Amenities is Located in Callachi Housing Society, National Stadium Road, Gulshan-e-Iqbal Town, Karachi.  Modern Features: G+24 Stories Tower with a Centered Open Compound, with 4 Floors Car Parking, Ground Floor Amenities, it has 7 Glass Lifts with Cargo & Capsule. With Standby Backup Generator, CCTV Monitoring, Intercom System and Much More.  Offeres World Class Amenities A Grand Reception Lobby, Swimming Pool, Jogging Track, Children Park, Grand Masjid, Gymnasium, Community Hall, Indoor Games.  Giving you 4 Years Easy Payment Plan with Minimum Down Payment & Low Monthly Installment.  So, Book your Super Luxury Apartment on Pre-Launch Discounted Prices.  For Booking & Details Contact  Ayaan Real Estate and Builders  Muhammad Imran",10 hours ago,"gulshan-e-iqbal town, karachi, sindh",54066738,Muhammad Imran,Ayyan Real Estate,https://www.zameen.com/Profile/Karachi-Ayyan_Real_Estate-191123-1.html,Verified,29.0,923002314984,khanimranib@yahoo.com,15938.069216757742,1.0
"READY TO MOVE 1100sq ft 2Bed Lounge Flat Available FOR SALE in Bahria Heights in TOWER A, H & G (Ready to Move)",8200000.0,https://www.zameen.com/Property/bahria_town_karachi_bahria_heights_ready_to_move_1100sq_ft_2bed_lounge_flat_available_for_sale_in_bahria_heights_in_tower_a_h_g_ready_to_move-53776687-11761-1.html,2.0,2.0,1098.0,Brings You An Opportunity To Buy A Brand New 2 Bed Apartment Which Is Available In Bahria Heights Apartments Bahria Heights Is A Unique Community Concept That Offers Luxury Environment In A Fully Integrated Lifestyle Modern And Chic 2 Bedroom Apartments In Bahria Heights Are Suitable For All Kinds Of Families And Provide An Easy Access To All Lifestyle Facilities Such As Commercial Areas Gym Spa Restaurants Mini Golf And Much More The Apartments Are Designed In A Neighborhood Concept With Each Block Consisting Of 4 Identical Buildings Each Block Offers Its Own Amenities And Facilities And A Central Courtyard Enclosed Within Serving As A Secure Playground For Children 24 hours Security At Bahria Heights Gives You A Sense Of Peace Of Comfort To Live Life Without Worry Uninterrupted Electricity Around The Clock Maintenance And All Other Bahria Town Services Make Bahria Heights An Ideal Location For A Comfortable Life,10 hours ago,"bahria town karachi, karachi, sindh",53776687,Mukesh Kumar,Ak Real Estate & Builders,https://www.zameen.com/Profile/Karachi-Ak_Real_Estate_&_Builders-189347-1.html,Verified,44.0,923313666366,mukesh.kherajani@gmail.com,7468.123861566484,1.0
"READY TO MOVE 2250sq. ft 3Bed Luxury Apartment at Tower-4, 6 & 7 Near Main Entrance of Bahria Town Karachi FOR SALE",17500000.0,https://www.zameen.com/Property/bahria_town_karachi_bahria_apartments_ready_to_move_2250sq_ft_3bed_luxury_apartment_at_tower-4_6_7_near_main_entrance_of_bahria_town_karachi_for_sale-53776622-9030-1.html,3.0,3.0,2250.0,"Brings You An Opportunity To Buy 2250 Square ft 3 Bedrooms Luxury Apartment In Bahria Town, Karachi Bahria Apartments Are Located On Jinnah Ave And Right Next To Main Entrance Gate Of Bahria Town Karachi.  It's A Brand New Apartment And Location Is Also Good. More Than 2000 Families Are Already Living In Bahria Apartments.  Size Of The Apartment Is 2250 Sq. Feet Having 3 Bedrooms With Attached Bathroom + T. V Lounge Bahria Town Karachi Comes With World Class Amenities And Some Amazing Tourist Attractions Like Full Size Replica Of Taj Mahal, Central Park, Carnival, Dancing Fountain, Eiffel Tower, Rafi Cricket Stadium And Much More Please Note That More Options Of Apartments,125 Plots And Villas Are Also Available In Different Blocks Of Bahria Town Karachi.  Bahria Town Karachi Is A Master-Planned Gated Community Which Promises The International Standards Of Infrastructure And State-Of-The-Art Amenities To Its Residents.",10 hours ago,"bahria town karachi, karachi, sindh",53776622,Mukesh Kumar,Ak Real Estate & Builders,https://www.zameen.com/Profile/Karachi-Ak_Real_Estate_&_Builders-189347-1.html,Verified,44.0,923313666366,mukesh.kherajani@gmail.com,7777.777777777777,1.0
Luxury Apartment For Sale Askari 6,37000000.0,https://www.zameen.com/Property/malir_cantonment_askari_6_luxury_apartment_for_sale_askari_6-53469274-21109-1.html,4.0,5.0,2997.0,"Luxury Apartment For sale Askari 6 4 Bed | 3000 Sq. Ft | Brand New Spacious, Impeccably Maintained 4-Bedroom Apartment In The Secure &Serene Community Of Askari 6.  Key Highlights: 4 Bedrooms With Attached Baths Drawing & Dining (DD), Powder Room Store + Servant Quarters (Separate Access) Prime Location | Gated Community 24/7 Armed Forces Security Lush Parks & Family-Friendly Environment Next To The Park, Masjid And Commercial Area",10 hours ago,"cantt, karachi, sindh",53469274,Ali Bin Saeed,Manha Associates,https://www.zameen.com/Profile/Karachi-Manha_Associates-204810-1.html,Verified,32.0,923368910899,ali-saeed30@outlook.com,12345.67901234568,0.8
FLAT BOOKING 2/3/4 BED DD,22500000.0,https://www.zameen.com/Property/karachi_amil_colony_flat_booking_2_3_4_bed_dd-53780607-11638-1.html,2.0,2.0,1161.0,FLATS AVAILABLE ON BOOKING AT PRIME LOCATION OF AMIL COLONY JAMSHED TOWN 2 BED Send e-mail Cr 3 BED DD @ 4CR 10 Lac 4 BED DD @ 5Cr 15 Lacs WITH ROOF AND WITHOUT ROOF AVAILABLE  LIFT PARKING GENERATOR PLAY AREA SWIMMING POOL  15 Months Payment Time Period NEARBY MOSQUE RESIDENTIAL LOCATION  PEACEFUL AREA NOTE: LEASE TRANSFER CHARGES ARE SEPARATE  For further Details !,8 hours ago,"amil colony, karachi, sindh",53780607,Faizan Kothari,Grace Property Solutions,https://www.zameen.com/Profile/Karachi-Grace_Property_Solutions-203394-1.html,Verified,29.0,923343800237,faizan.bantva@gmail.com,19379.84496124031,1.0
3 BED DD | Brand New | Common Balcony,37000000.0,https://www.zameen.com/Property/jamshed_town_soldier_bazar_3_bed_dd_brand_new_common_balcony-53456002-317-1.html,3.0,3.0,1503.0,"Brand New Flat Available for *SALE* at Prime Location of *PARSI COLONY* nearby Ayesha Masjid  3 Bedrooms Front Side (1400-1500 Sqft) Drawing Lounge | Common Balcony  Lift, Reserved Parking Standby Generator Designer Lobby, Reception, Waiting Area & Much More.  Beautiful Modern Elevation  2 Sides Corner Plot  *Pricing: *  3 BED DD 3Cr 70 Lacs Lease Transfer Utilities Documentation Charges are included ! Prices are Negotiable for Serious Buyers  Hurry up Grab the offer before it's too late !",8 hours ago,"jamshed town, karachi, sindh",53456002,Faizan Kothari,Grace Property Solutions,https://www.zameen.com/Profile/Karachi-Grace_Property_Solutions-203394-1.html,Verified,29.0,923343800237,faizan.bantva@gmail.com,24617.431803060546,1.0
Brand New Inner View Apartment For Sale In PARAGON Towers BAHRIA Town Karachi,9000000.0,https://www.zameen.com/Property/bahria_town_precinct_17_paragon_tower_brand_new_inner_view_apartment_for_sale_in_paragon_towers_bahria_town_karachi-54066954-21833-1.html,2.0,3.0,1404.0,1400Sqft Brand New Apartment For Sale In PARAGON Tower BAHRIA Town Karachi Tower A Apartment   2nd Floor Apartment Inner View Apartment Silver Parking Paid Accommodation 2 Bed Rooms Attached Bath TV Lounge Powder Room kitchen Store Room Car Parking Area For More Details And Visit Please Contact Us On given Numbers,8 hours ago,"bahria town karachi, karachi, sindh",54066954,,,,Verified,32.0,923204062862,,6410.25641025641,0.6666666666666666
2 Bedrooms Luxury Apartment Bungalow Facing Available For Sale In Dha Phase 8,27500000.0,https://www.zameen.com/Property/dha_defence_dha_phase_8_2_bedrooms_luxury_apartment_bungalow_facing_available_for_sale_in_dha_phase_8-52934355-1485-1.html,2.0,2.0,954.0,2 Bedrooms Apartment West Open Lift And Bungalow Facing Brand New Luxury Apartment For More Details Contact Us,8 hours ago,"dha defence, karachi, sindh",52934355,Abdul Salam,Redwood Estate Builders,https://www.zameen.com/Profile/Karachi-Redwood_Estate_Builders-196870-1.html,Verified,116.0,923332023249,usamaking7979@gmail.com,28825.99580712788,1.0
3 Bed DD Apartment For Sale With Lift And Car Parking In Phase 8 Dha,34000000.0,https://www.zameen.com/Property/dha_defence_dha_phase_8_3_bed_dd_apartment_for_sale_with_lift_and_car_parking_in_phase_8_dha-52495917-1485-1.html,3.0,3.0,1701.0,3 bed dd apartment for sale  Al Murtaza commercial phase 8 Brand new apartment  Corner building Lift and car parking Investment deal for more details contact us,8 hours ago,"dha defence, karachi, sindh",52495917,Abdul Salam,Redwood Estate Builders,https://www.zameen.com/Profile/Karachi-Redwood_Estate_Builders-196870-1.html,Verified,116.0,923332023249,usamaking7979@gmail.com,19988.242210464432,1.0
2 bed dd renovated 1st floor,14500000.0,https://www.zameen.com/Property/dha_phase_6_rahat_commercial_area_2_bed_dd_renovated_1st_floor-54066942-8502-1.html,2.0,2.0,1053.0,"DJA PHASE 6 Rahat Commercial 1st floor after mezzanine 2 bed DDfully renovated fully furnishedac, fridge, beds, sofas, tables, etcDemand 1.45/- Crore onlysub lease ctc onlynegotiable",8 hours ago,"dha defence, karachi, sindh",54066942,Muhammad Usama,Fizaya Properties,https://www.zameen.com/Profile/Karachi-Fizaya_Properties-39833-1.html,Verified,55.0,923006468995,fizayaproperties@gmail.com,13770.180436847104,1.0
FULLY RENOVATED 3 BED DD FLAT FOR SALE IN GULSHAN-E-IQBAL,16500000.0,https://www.zameen.com/Property/gulshan_e_iqbal_gulshan-e-iqbal_-_block_13-d2_fully_renovated_3_bed_dd_flat_for_sale_in_gulshan-e-iqbal-53789771-8885-1.html,3.0,3.0,1404.0,"FULLY RENOVATED 3 BED DD FLAT FOR SALE MAIN FEATURES : 3 Tiled Bedrooms 3 Attach Tiled Washrooms  1 Drawing Room  1 Kitchen Lounge Size 1400 Sq. Ft 2 Gallery Pure West Open Cross Ventilation FACILITIES : Boundary wall  Car parking  24/7 Sweet Water, Electricity, Gas Available  Nearby Markets, Schools, Hospitals, Mosques, Banks, Public Transport Available  LOCATION : Gulshan-e-iqbal Block 13d/2 FOR MORE DETAILS OR VISIT CONTACT  PROPERTY XCHANGE ESTATE",8 hours ago,"gulshan-e-iqbal town, karachi, sindh",53789771,Ibrahim Zakariya,Property Xchange,https://www.zameen.com/Profile/Karachi-Property_Xchange-167251-1.html,Verified,49.0,923112910427,spirithoc@gmail.com,11752.136752136752,1.0
IDEAL 3 BED DD FLAT FOR SALE IN GULSHAN-E-IQBAL PRIME LOCATION,10500000.0,https://www.zameen.com/Property/gulshan_e_iqbal_gulshan-e-iqbal_-_block_13-d2_ideal_3_bed_dd_flat_for_sale_in_gulshan-e-iqbal_prime_location-53789777-8885-1.html,3.0,3.0,1197.0,"IDEAL 3 BED DD FLAT FOR SALE MAIN FEATURES : 3 Bedrooms 3 Attach Washrooms  1 Drawing Room  1 Kitchen  1 TV lounge Size 1200Sq. Ft 4th Floor with lift FACILITIES : Lift Car Parking  CCTV cameras 24/7 Sweet Water, Electricity, Gas Available  Nearby Markets, Schools, Hospitals, Mosques, Banks, Public Transport Available  LOCATION :  Gulshan-e-iqbal block 13d2 FOR MORE DETAILS OR VISIT CONTACT  PROPERTY XCHANGE ESTATE",8 hours ago,"gulshan-e-iqbal town, karachi, sindh",53789777,Ibrahim Zakariya,Property Xchange,https://www.zameen.com/Profile/Karachi-Property_Xchange-167251-1.html,Verified,49.0,923112910427,spirithoc@gmail.com,8771.929824561403,1.0
1200 Square Feet 1 Bedroom Sea Facing Is Available On Higher Floor For Sale,59000000.0,https://www.zameen.com/Property/dha_phase_8_emaar_panorama_1200_square_feet_1_bedroom_sea_facing_is_available_on_higher_floor_for_sale-53042228-17182-1.html,1.0,2.0,1197.0,Panorama Tower 1b-4 Sea Facing Apartment Is Available On Resale If Anybody Is Interested Please Do Let Me Know,18 hours ago,"dha defence, karachi, sindh",53042228,Muhammad Usman,Dynamic Realtors,https://www.zameen.com/Profile/Karachi-Dynamic_Realtors-177669-1.html,Verified,32.0,923222640460,dynamicrealtors8@gmail.com,49289.891395154555,0.5
"6TH FLOOR CORNER Luxury 4 Bedrooms With Drawing And Dining Areas Flat For Sale In Burj Ul Harmain Tower, Scheme 33",27000000.0,https://www.zameen.com/Property/university_road_burj-ul-harmain_6th_floor_corner_luxury_4_bedrooms_with_drawing_and_dining_areas_flat_for_sale_in_burj_ul_harmain_tower_scheme_33-53988657-9674-1.html,4.0,4.0,2403.0,"Discover this stunning 4-bedroom flat in the prestigious Burj Ul Harmain Tower, located in the heart of Scheme 33. With a spacious 2400 sqft layout, this corner flat on the 6th floor offers a luxurious living experience.  Property Features: - 4 bedrooms with drawing and dining areas - Servant quarter for added convenience - Powerful elevators and covered parking - 24/7 water supply  - Excellent condition, ready to move in Why Invest? - Prime location in Scheme 33 with new boundary wall - Peaceful environment, ideal for families - Profitable future investment with potential for high returns - Builder transfer for hassle-free ownership Demand: PKR 2.70 Cr Don't miss this opportunity to own a luxury flat in a prime location. Want to schedule a viewing or get more details? Contact Us Al-Hadi Realtors and Associates Faraz Ahmed View Contact Detail View Contact Detail Whatsapp us on : View Contact Detail For More Properties Please Visit Our Page : #bahriatownkarachi #alhadirealtors #gulshaneiqbal  #realestate #propertyinvesting #propertymanagement #PersonalProperty #intellectualpropertylaw #propertylaw",20 hours ago,"university road, karachi, sindh",53988657,Faraz Ahmed,Al Hadi Realtor Associates,https://www.zameen.com/Profile/Karachi-Al_Hadi_Realtor_Associates-174777-1.html,Verified,67.0,923342246016,syedfarazahmed680@gmail.com,11235.955056179775,1.0
"Park-Facing Luxurious 3-Bedroom Apartment For Sale In Royal Icon, Gulshan-E-Iqbal!",26000000.0,https://www.zameen.com/Property/gulshan_e_iqbal_town_royal_8_icon_park-facing_luxurious_3-bedroom_apartment_for_sale_in_royal_icon_gulshan-e-iqbal-53996678-9735-1.html,3.0,3.0,1899.0,"Luxurious 3-Bedroom Apartment for Sale in Royal Icon, Gulshan-e-Iqbal! Property Details: - Location: Royal Icon, Gulshan-e-Iqbal - Orientation: Park-facing - Covered Area: 1900 sq. ft.  Flat Features: - 3 spacious bedrooms with attached washrooms - Drawing/Dining (D/D) with powder room - Big lounge - Balcony - Washing area - Store room Amenities: - Lift - Car parking - 24/7 CCTV security Prime Location: - Near main road - Close to market - Near Hasan Square Demand: 2.60 Crore PKR Contact Us Al-Hadi Realtors and Associates Faraz Ahmed View Contact Detail View Contact Detail Whatsapp us on : View Contact Detail For More Properties Please Visit Our Page : https://www. facebook. com/alhadirealtor Do Subscribe our channel: https://www. youtube. com/@AlHadiRealtorsAssociates TikTok :https://www. tiktok. com/@alhadirealtor #bahriatownkarachi #alhadirealtors #gulshaneiqbal  #realestate #propertyinvesting #propertymanagement #PersonalProperty #intellectualpropertylaw #propertylaw",20 hours ago,"gulshan-e-iqbal town, karachi, sindh",53996678,Faraz Ahmed,Al Hadi Realtor Associates,https://www.zameen.com/Profile/Karachi-Al_Hadi_Realtor_Associates-174777-1.html,Verified,67.0,923342246016,syedfarazahmed680@gmail.com,13691.41653501843,1.0
HMR Beach Front Apartments With Plunge Pool For Sale,50000000.0,https://www.zameen.com/Property/dha_phase_8_hmr_waterfront_hmr_beach_front_apartments_with_plunge_pool_for_sale-52918360-19639-1.html,1.0,1.0,1116.0,"1% Monthly Payment Plan  Book Your Sea Facing Apartment on 10% Payment plan Every apartment with private plunge pool AA Tower is situated in HMR Waterfront, occupying 3.75 acres the largest residential plot in the entire HMR Waterfront community.  This iconic 38 storey beachfront tower offers a limited number of exclusive private plunge pool units, crafted for those who seek a premium lifestyle by the sea.  Project highlights include: Four levels of dedicated parking Six high-speed lifts for smooth access A fully equipped 5th-floor amenity deck featuring: Infinity pool & jacuzzi Sauna & gym Kids play area & barbecue zone Open-air cafs & rooftop garden Basketball court & private cinema and much more to enhance your lifestyle These limited units combine luxury, comfort, and unbeatable views, making this a prime investment and living opportunity.  Let me know if youd like more details or would like to schedule a visit Contact :",20 hours ago,"dha defence, karachi, sindh",52918360,,,,Verified,32.0,923348490731,,44802.867383512545,1.0
Brand New 2 Bedroom Apartment With Parking Lift,19000000.0,https://www.zameen.com/Property/clifton_clifton_-_block_1_brand_new_2_bedroom_apartment_with_parking_lift-49950828-1663-1.html,2.0,2.0,1197.0,Brand New 2Bed Flat For Sale In Block 1 Apartment For Sale Clifton Block 01 Near Ruby Beach Apartments.  2 Bedroom Apartment Drawing Dinning Lounge  2 Washrooms 1200 Square Feet Covered Area.  American Kitchen Tile Flooring Amenities: Gym Lift parking  Play Area Masjid Community Hall CCTV System Security Huge Basement For Parking Sweet water available 24 hours  Brand New Boundary Wall Project,23 hours ago,"clifton, karachi, sindh",49950828,Tanver khattak,Al Hamza Real Estate,https://www.zameen.com/Profile/Karachi-Al_Hamza_Real_Estate-170769-1.html,Verified,16.0,923003502655,tanverkhattak@gamil.com,15873.015873015873,1.0
"Apartment For Sale 5th Floor with Roof Location: Tauheed Commercial Area, DHA Phase V Karachi",23000000.0,https://www.zameen.com/Property/dha_phase_5_tauheed_commercial_area_apartment_for_sale_5th_floor_with_roof_location_tauheed_commercial_area_dha_phase_v_karachi-53879302-8487-1.html,3.0,3.0,1404.0,"Apartment For Sale 5th Floor with Roof Location: Tauheed Commercial Area, DHA Phase V Karachi  Demand: 2 Crore 30 Lac  Address: Flat # 503, 5th Floor, Plot No. 55-C, 24th Commercial Street, Phase-V, DHA Karachi  Size: 1400 Sq. Feet Plus: Roof  Property Details: 3 Bedrooms Drawing Room Lounge 5th Floor Apartment Exclusive Roof Access  Building Features: Lift Available Stand-by Generator Reserved Car Parking Basement Parking Prime location on Tauheed Commercial ideal for both living and investment.",23 hours ago,"dha defence, karachi, sindh",53879302,,,,Verified,32.0,923072300430,,16381.766381766382,1.0
2-Beds Apartment Available For Sale,74000000.0,https://www.zameen.com/Property/dha_phase_8_emaar_the_views_2-beds_apartment_available_for_sale-53789792-17808-1.html,2.0,3.0,1746.0,"Property Highlights: The Views Tower by Emaar Modern & Premium: Stylish modern apartment in the iconic The Views Tower by Emaar, featuring high-quality finishes.  Breathtaking Views: Offers excellent, panoramic views that define luxury living.  Prime Location: Situated in a sought-after area with easy access to key city landmarks and attractions.  World-Class Amenities: Enjoy access to Emaar's renowned facilities including pools, gyms, parks, and security.  Ready Soon: Possession in March 2026 move in with minimal wait.  Flexible Payment Plans: Attractive installment plans available until the end of 2026 to suit your budget.  Note on Pricing: Final price varies based on the payment plan selected. Secondary market prices may differ. (Contact for detailed structured payment plan).  Ideal for investors and end-users seeking a premium lifestyle in a landmark Emaar community.",9 hours ago,"dha defence, karachi, sindh",53789792,Ahmed Ali Butt,Baigs Properties,https://www.zameen.com/Profile/Karachi-Baigs_Properties-172678-1.html,Verified,122.0,923231325206,arsalan.hasmi1984@gmail.com,42382.588774341355,0.6666666666666666
3-Beds Apartment Available For Sale THE VIEWS TOWER EMAAR,125000000.0,https://www.zameen.com/Property/dha_phase_8_emaar_the_views_3-beds_apartment_available_for_sale_the_views_tower_emaar-53789796-17808-1.html,3.0,5.0,2403.0,"Property Highlights: The Views Tower by Emaar Modern & Premium: Stylish modern apartment in the iconic The Views Tower by Emaar, featuring high-quality finishes.  Breathtaking Views: Offers excellent, panoramic views that define luxury living.  Prime Location: Situated in a sought-after area with easy access to key city landmarks and attractions.  World-Class Amenities: Enjoy access to Emaar's renowned facilities including pools, gyms, parks, and security.  Ready Soon: Possession in March 2026 move in with minimal wait.  Flexible Payment Plans: Attractive installment plans available until the end of 2026 to suit your budget.  Note on Pricing: Final price varies based on the payment plan selected. Secondary market prices may differ. (Contact for detailed structured payment plan).  Ideal for investors and end-users seeking a premium lifestyle in a landmark Emaar community.",9 hours ago,"dha defence, karachi, sindh",53789796,Ahmed Ali Butt,Baigs Properties,https://www.zameen.com/Profile/Karachi-Baigs_Properties-172678-1.html,Verified,122.0,923231325206,arsalan.hasmi1984@gmail.com,52018.31044527674,0.6
"Luxury Apartment For Sale Askari V, Sector C , Malir Cantt",31500000.0,https://www.zameen.com/Property/askari_5_askari_5_-_sector_c_luxury_apartment_for_sale_askari_v_sector_c_malir_cantt-53624224-18469-1.html,3.0,4.0,2601.0,"Luxury Apartment for Sale Askari V, Sector C , Malir Cantt  3 Bed | 2600 Sq. Ft |  Spacious, impeccably maintained 3-bedroom apartment in the secure & serene community of Askari V.  Key Highlights: 3 Bedrooms with Attached Baths Drawing & Dining (DD), Powder Room Store + Servant Quarters (Separate Access) Prime Location | Gated Community 24/7 Armed Forces Security Lush Parks & Family-Friendly Environment Next to the Park, Masjid and Commercial area",10 hours ago,"cantt, karachi, sindh",53624224,Ali Bin Saeed,Manha Associates,https://www.zameen.com/Profile/Karachi-Manha_Associates-204810-1.html,Verified,32.0,923368910899,ali-saeed30@outlook.com,12110.726643598617,0.75
Global Residency Flat Is Available For Sale,18500000.0,https://www.zameen.com/Property/karachi_naya_nazimabad_global_residency_flat_is_available_for_sale-54008965-10079-1.html,2.0,2.0,1251.0,Naya Nazimabad Luxury Living Opportunity LIMITED INVENTORY BOOK NOW! Presenting a beautifully designed 2 Bed DD Apartment in the prestigious Globe Residency Area: 1249 Sq. Ft Spacious & Modern Layout Configuration: 2 Bedrooms + Drawing + Dining Flexible Payment Plan Easy for everyone Only 1 Year Payment Duration Trust & Security You Can Rely On Project is backed by Central Depository Company of Pakistan ensuring complete transparency & secure investment Why This is a Smart Choice? Ideal for Comfortable Family Living High Potential for Future Appreciation  Secure & Well-Structured Project Limited Units High Demand Book Your Unit Today Before Its Gone,10 hours ago,"naya nazimabad, karachi, sindh",54008965,Muhammad Mansoor Anwar,Manha Associates,https://www.zameen.com/Profile/Karachi-Manha_Associates-204810-1.html,Verified,32.0,923061023696,ali-saeed30@outlook.com,14788.169464428458,1.0
3 Bed Drawing Dining Apartment for Sale Opposite Aladin Park Near Junaid Jamshed Factory outlet,13500000.0,https://www.zameen.com/Property/gulshan_e_iqbal_gulshan-e-iqbal_-_block_10-a_3_bed_drawing_dining_apartment_for_sale_opposite_aladin_park_near_junaid_jamshed_factory_outlet-52576025-8894-1.html,3.0,3.0,1350.0,4th floor  3 bed DD West open  Elevator Contact  Muhammad Imran  Ayaan Real Estate and Builders,11 hours ago,"gulshan-e-iqbal town, karachi, sindh",52576025,Muhammad Imran,Ayyan Real Estate,https://www.zameen.com/Profile/Karachi-Ayyan_Real_Estate-191123-1.html,Verified,29.0,923343053006,khanimranib@yahoo.com,10000.0,1.0
3 Bed DD First Floor Apartment For Sale Near Patel Hospital Gulshan E Iqbal Block 4,23500000.0,https://www.zameen.com/Property/gulshan_e_iqbal_gulshan-e-iqbal_-_block_4_3_bed_dd_first_floor_apartment_for_sale_near_patel_hospital_gulshan_e_iqbal_block_4-53617514-6864-1.html,3.0,3.0,1296.0,First Floor Leased 3 Bed Drawing Dining attached Bathroom Good Condition  Compound Project  No Load shedding  Sweet Water  Parking  Security  Contact  Ayaan Real Estate and Builders  Muhammad Imran,11 hours ago,"gulshan-e-iqbal town, karachi, sindh",53617514,Muhammad Imran,Ayyan Real Estate,https://www.zameen.com/Profile/Karachi-Ayyan_Real_Estate-191123-1.html,Verified,29.0,923002314984,khanimranib@yahoo.com,18132.716049382718,1.0
DEFENCE PHASE 6  TWO BEDROOMS APARTMENT   MAIN KHYABANE SHAHBAZ IN VERY REASONABLE PRICE,22000000.0,https://www.zameen.com/Property/dha_defence_dha_phase_6_defence_phase_6_two_bedrooms_apartment_main_khyabane_shahbaz_in_very_reasonable_price-53800588-1483-1.html,2.0,3.0,1053.0,"For Sale: 2-Bedrooms Apartment in Defence Phase 6 Property Highlights: Location: Prime Shahbaz Commercial,  Defence Phase 6 Type: 2-Bedrooms Apartment, Bungalow Facing Floor: Second Floor, Well-Maintained View: West Open, Main Khyabane Shahbaz with Service Road Feature: Excellent Sunlight & Ventilation, Ready to Move In Investment Potential: Highly Sought-After Location Price: PKR 2.20 Crore Contact:",9 hours ago,"dha defence, karachi, sindh",53800588,Muhammad Nawaz Khan,Property Guides,https://www.zameen.com/Profile/Karachi-Property_Guides-8092-1.html,Verified,26.0,923002752267,mnawazk377@gmail.com,20892.687559354225,0.6666666666666666
SUB-LEASED With Competition also available,25000000.0,https://www.zameen.com/Property/north_nazimabad_north_nazimabad_-_block_f_sub-leased_with_competition_also_available-53355471-7214-1.html,3.0,3.0,1503.0,"Luxurious 3-Bed Apartment for Sale North Nazimabad Project ""La-Grande"" Location: Block F, North Nazimabad An exquisite 3-bedroom apartment located in the elite La-Grande building in Block F, North Nazimabad. fallceling available in all Room, Designed for those with a taste for luxury and comfort, this spacious apartment offers all the modern amenities and more. Size: 1,500 sq. ft (12 Floor) TV lounge available modular kitchen Bedrooms: 3 master-sized bedrooms, Additional Rooms: Spacious drawing room Dining room Balcony: Huge balcony Utilities: Sweet water available 24/7 K-Electric connection Gas available Building Features: Elite class lobby, designed to impress Secure and prestigious environment Lift and This apartment is perfect for families looking for an upscale lifestyle in a prime location.  Price: 25,000,000 For more details or to schedule a visit, please NOTE: THIS APARTMENT IS SUB-LEASED Bank Loan also applicable contact us:",9 hours ago,"north nazimabad, karachi, sindh",53355471,Muneer  Tanveer,Choudharys Estate,https://www.zameen.com/Profile/Karachi-Choudharys_Estate-183947-1.html,Verified,24.0,923133490171,muneerusman95@gmail.com,16633.3998669328,1.0
Most Attractive Well Designed Apartment For Sale,33000000.0,https://www.zameen.com/Property/north_nazimabad_north_nazimabad_-_block_l_most_attractive_well_designed_apartment_for_sale-53419474-7220-1.html,3.0,3.0,1701.0,"SAIMA PARRI UNIQUE APARTMENT FOR SALE  WITH Dual Gallery 3-Bedroom Apartment for Sale in Saima Paris Unique by Saima Builder,  Lower Floor available  Block L Ready to Move Apartment Condition Prime location, main road facing 3 bedrooms with attached baths Spacious drawing room and common TV lounge 3 Huge balconies with good ventilation Passenger and cargo lifts available Size: 1700-1800 sq. ft Reserved car parking Water and electricity available,  NOTE: Original Picture Available  Sub-leased, Completion Certificate Also Available Demand: PKR 3.30 (Negotiable) For more details or to arrange a visit, please contact us",9 hours ago,"north nazimabad, karachi, sindh",53419474,Muneer  Tanveer,Choudharys Estate,https://www.zameen.com/Profile/Karachi-Choudharys_Estate-183947-1.html,Verified,24.0,923133490171,muneerusman95@gmail.com,19400.352733686068,1.0
Lower Floor Main Road Front Facing 2Bed D/D West Open,18500000.0,https://www.zameen.com/Property/north_nazimabad_north_nazimabad_-_block_f_lower_floor_main_road_front_facing_2bed_d_d_west_open-53296281-7214-1.html,2.0,2.0,1152.0,"2-Bed D/D Plus Store Room Apartment for Sale in Aero Regent Park, North Nazimabad Block F A beautifully designed 2-bedroom apartment, covering 1,150 sq. ft. , is available for sale in the prime location of Aero Regent Park, Block F, North Nazimabad.  This well-maintained apartment offers modern amenities and is perfect for comfortable living.  Key features include: 2 spacious bedrooms with attached bathrooms with Large TV lounge and a separate drawing room 2 balconies offering great views Modern kitchen with fitted cabinets 24/7 availability of water K-Electric and gas connections available Corner apartment with excellent ventilation Reserved car parking space 24/7 security, CCTV surveillance, and lift facility Marvellous location, close to schools, hospitals, and markets Demand: PKR 1.85 Crore (Negotiable) Note: Sub-Leased + Completion Certificate Also Available For more details or to schedule a visit, contact us",9 hours ago,"north nazimabad, karachi, sindh",53296281,Muneer  Tanveer,Choudharys Estate,https://www.zameen.com/Profile/Karachi-Choudharys_Estate-183947-1.html,Verified,24.0,923133490171,muneerusman95@gmail.com,16059.027777777777,1.0
3 Bed. Dd Flat For Sale In Johar,8900000.0,https://www.zameen.com/Property/karachi_gulistan-e-jauhar_3_bed_dd_flat_for_sale_in_johar-53564785-232-1.html,3.0,3.0,1350.0,Flat for Sale  Gulistan e Johar Bl 8 Architects society 3 bed dd  1300sqft 2nd floor Brand new Sub lease West open All utilities available Cylinder gas Demand 89lac Gulistan e Johar Bl 8 Architects society 3 bed dd  1300sqft 2nd floor Brand new Sub lease West open All utilities available Cylinder gas Demand 78lac Sample pictures attached  I have many options for you in scheme 33 all society Deal any block any Range contact me,9 hours ago,"gulistan-e-jauhar, karachi, sindh",53564785,,,,Verified,32.0,923304369903,,6592.592592592592,1.0
GROUND FLOOR FLAT FOR SALE IN VIP BLOCK 2 GULISTAN E JAUHAR,10000000.0,https://www.zameen.com/Property/gulistan_e_jauhar_gulistan-e-jauhar_-_block_2_ground_floor_flat_for_sale_in_vip_block_2_gulistan_e_jauhar-53257538-6825-1.html,2.0,3.0,801.0,Newly Renovated Separated Car Parking Near To Park Near To Road Near By All Utilities 24/7 Water Gas Electricity Available Ground Floor 24/7 Security For More Details Feel Free To Contact . .,10 hours ago,"gulistan-e-jauhar, karachi, sindh",53257538,,,,Verified,32.0,923312910599,,12484.394506866416,0.6666666666666666
Wake Up to the Ocean Premium 2-Bed + Maids Room | Emaar Coral,61500000.0,https://www.zameen.com/Property/emaar_crescent_bay_emaar_coral_towers_wake_up_to_the_ocean_premium_2-bed_maids_room_emaar_coral-53478135-10721-1.html,2.0,3.0,2142.0,"Step into coastal luxury with this stunning 2-bedroom, fully furnished apartment in Emaar Coral Tower 1, offering breathtaking full sea views from a high-floor vantage point. Designed for comfort, elegance, and a refined lifestyle, this spacious unit is perfect for end-users and investors seeking a premium waterfront home.   Property Highlights: 2 Bedrooms with elegant finishing Full Sea Facing uninterrupted, panoramic ocean views High Floor serene, private, and premium vantage point Fully Furnished with tasteful, high-quality interiors Large Area: 2141 sq. ft. one of the most spacious layouts in the tower Maids Room with Attached Bath Modern Kitchen + Separate Grease Kitchen 2 Terraces ideal for relaxation and entertaining Demand: 6.10 Crore A rare opportunity to own a beautifully maintained, sea-facing luxury apartment in one of Karachis finest developments. Ideal for families seeking space, views, and comfortor investors looking for a high-demand rental asset.",10 hours ago,"dha defence, karachi, sindh",53478135,Ali Zeeshan,Right Track Consultants,https://www.zameen.com/Profile/Karachi-Right_Track_Consultants-164811-1.html,Verified,82.0,923011129937,e.righttrack@gmail.com,28711.484593837537,0.6666666666666666
"READY TO MOVE 1100sq ft 2Bed Lounge Flat Available FOR SALE in Bahria Heights in TOWER A, H & G (Ready to Move)",6500000.0,https://www.zameen.com/Property/bahria_town_karachi_bahria_heights_ready_to_move_1100sq_ft_2bed_lounge_flat_available_for_sale_in_bahria_heights_in_tower_a_h_g_ready_to_move-54005717-11761-1.html,2.0,2.0,1098.0,Brings You An Opportunity To Buy A Brand New 2 Bed Apartment Which Is Available In Bahria Heights Apartments Bahria Heights Is A Unique Community Concept That Offers Luxury Environment In A Fully Integrated Lifestyle Modern And Chic 2 Bedroom Apartments In Bahria Heights Are Suitable For All Kinds Of Families And Provide An Easy Access To All Lifestyle Facilities Such As Commercial Areas Gym Spa Restaurants Mini Golf And Much More The Apartments Are Designed In A Neighborhood Concept With Each Block Consisting Of 4 Identical Buildings Each Block Offers Its Own Amenities And Facilities And A Central Courtyard Enclosed Within Serving As A Secure Playground For Children 24 hours Security At Bahria Heights Gives You A Sense Of Peace Of Comfort To Live Life Without Worry Uninterrupted Electricity Around The Clock Maintenance And All Other Bahria Town Services Make Bahria Heights An Ideal Location For A Comfortable Life,10 hours ago,"bahria town karachi, karachi, sindh",54005717,Sajjad Chaudhary,Masoomia Estate & Builders,https://www.zameen.com/Profile/Karachi-Masoomia_Estate_&_Builders-173380-1.html,Verified,122.0,923339999816,masoomiaestate@gmail.com,5919.854280510018,1.0
Ultra Luxury Apartment For Sale In Coral Tower,64300000.0,https://www.zameen.com/Property/dha_phase_8_emaar_crescent_bay_ultra_luxury_apartment_for_sale_in_coral_tower-53228240-8503-1.html,2.0,4.0,1809.0,"In Emaar Crescent Bay, enjoy the best features available. Buying this property today can save you from future hassles. Buying a 1810 Square Feet property is a good option to live comfortably. Grab the opportunity to own your own home in Karachi with affordable housing options available. You don't want to miss the opportunity of booking your unit at a price of PKR Rs. 64300000 as it is quite lucrative. Look no further for properties, as Flat has it all.  Ultra Luxury Apartment For Sale In Coral Tower | -  1810 . |  Find out why this property is the best option for you below.  You no longer need to worry about staying connected as this property comes with high-speed broadband internet access.  Your study room in the Flat can act as a private corner for important family matters.  The Flat has a prayer room as well, which you can utilize any way you like.  ATM machines are installed within the housing society for ease of access to residents.  A well-fitted powder room is one of the best features of this residence.  The Flat is fully-furnished so you don't have to worry about a thing.  A large sitting room with windows like the one that comes with this Flat can elevate any property.  Book your appointment by giving us a call.",9 hours ago,"dha defence, karachi, sindh",53228240,Muhammad awwab,Baigs Properties,https://www.zameen.com/Profile/Karachi-Baigs_Properties-172678-1.html,Verified,122.0,923020256842,arsalan.hasmi1984@gmail.com,35544.4997236042,0.5
Ultra Luxury Apartment For Sale In Reef Tower,72000000.0,https://www.zameen.com/Property/dha_phase_8_emaar_crescent_bay_ultra_luxury_apartment_for_sale_in_reef_tower-53228344-8503-1.html,2.0,4.0,1638.0,Ultra Luxury Apartment For Sale In Reef tower EMAAR APARTMENT FOR SALE REEF TOWER 2 BEDROOMS MAIDROOM ATTACHED BATH POWDER  LAUNDRY 1634 SQ FT PARTIAL SEA FULLY FURNSIHED FULLY RENOVATED,9 hours ago,"dha defence, karachi, sindh",53228344,Muhammad awwab,Baigs Properties,https://www.zameen.com/Profile/Karachi-Baigs_Properties-172678-1.html,Verified,122.0,923020256842,arsalan.hasmi1984@gmail.com,43956.043956043955,0.5
Fully Ultra Renovated Apartment For Sale Dha Phase 5,14000000.0,https://www.zameen.com/Property/dha_phase_5_badar_commercial_area_fully_ultra_renovated_apartment_for_sale_dha_phase_5-53972533-8484-1.html,2.0,3.0,1053.0,Fully Modern Apartment for Sale at  DHA PHASE 5 (BADAR COMMERCIAL STREET NO-9) Direct 2nd Floor without Mezzanine Fully Family Building  New Front and Back side Elevation Built In Cupboards in both rooms  New American kitchen and washrooms  Extra Powder washroom  Separate Entrance from Drawing room  Big covered area around 1100 SqFT  Ultra modern theme  Media wall  Washing area  3 Washrooms  New Fixtures and Fitting  New Pipelines  New Electric work  New Doors,11 hours ago,"dha defence, karachi, sindh",53972533,,,,Verified,32.0,923215312447,,13295.346628679961,0.6666666666666666
READY TO MOVE 955sq ft 2Bed Lounge Flat FOR SALE Outer Corner Apartment with AMAZING VIEW. 2KM from MAIN GATE of BTK\,7200000.0,https://www.zameen.com/Property/bahria_town_karachi_bahria_apartments_ready_to_move_955sq_ft_2bed_lounge_flat_for_sale_outer_corner_apartment_with_amazing_view_2km_from_main_gate_of_btk-53776596-9030-1.html,2.0,2.0,954.0,"950 Square Ft 2 Bedrooms Luxury Apartment Is Available For Sale In Bahria Town, Karachi Bahria Apartments Are Located On Jinnah Ave And Right Next To Main Entrance Gate Of Bahria Town Karachi.  It's A Brand New Apartment And Location Is Also Good. More Than 3000 Families Are Already Living In Bahria Apartments Size Of Apartment Is 950 Sq. Feet Having 2 Bedrooms With Attached Bathrooms T. V Lounge Bahria Town Karachi Comes With World Class Amenities And Some Amazing Tourist Attractions Like Full Size Replica Of Taj Mahal, Central Park, Carnival, Dancing Fountain, Eiffel Tower, Rafi Cricket Stadium And Much More Please Note That More Options Of Apartments,125 Plots And Villas Are Also Available In Different Blocks Of Bahria Town Karachi.  Bahria Town Karachi Is A Master-Planned Gated Community Which Promises The International Standards Of Infrastructure And State-Of-The-Art Amenities To Its Residents.  Here Are Some Of The Features Of Bahria Town Karachi World Class Security With 24 7 Surveillance Commercial Areas, Gold-Class Cinemas, International Standard Hospitals State-Of- The-Art Sports Facilities, Community Sports Club & Zoo World-Class Schools, Colleges And International University International Theme Park, Play-Land And Water-Rides Monuments Of Wonders Of The World Like Eiffel Tower, Taj-Mahal And Statue Of Liberty Grand Jamia Mosque With Capacity Of About 1 Million 5-Star International Hotel & USGA Standard Golf Course Grid Station & Telephone-Exchange Transport System From Bahria Town To City Centre 100 Backup Power (No Load-Shedding) And Much More",11 hours ago,"bahria town karachi, karachi, sindh",53776596,Mukesh Kumar,Ak Real Estate & Builders,https://www.zameen.com/Profile/Karachi-Ak_Real_Estate_&_Builders-189347-1.html,Verified,44.0,923313666366,mukesh.kherajani@gmail.com,7547.169811320755,1.0
3 Bed Dd 1st Floor Lift Car Parking In Gulshan Block 2 Road Facing Kda Lease,20000000.0,https://www.zameen.com/Property/gulshan_e_iqbal_gulshan-e-iqbal_-_block_2_3_bed_dd_1st_floor_lift_car_parking_in_gulshan_block_2_road_facing_kda_lease-53877133-6862-1.html,3.0,3.0,1602.0,Gulshan block 2 Al firdose apartment  3 bed dd west open  1st floor kda lease  Bank loan Applicable  Lift car parking  Vip location  Final 2 caror demand 2 caror 15 lac,12 hours ago,"gulshan-e-iqbal town, karachi, sindh",53877133,Rafay Javed from Bigzone Marketing Company,Bigzone Marketing,https://www.zameen.com/Profile/Karachi-Bigzone_Marketing-192664-1.html,Verified,53.0,923333448883,bigzonemarketing1@gmail.com,12484.394506866416,1.0
Beautiful Renovated Corner Apartment,18000000.0,https://www.zameen.com/Property/dha_defence_dha_phase_2_extension_beautiful_renovated_corner_apartment-54066391-1672-1.html,2.0,2.0,1053.0,2 Bed DDFirst Floor 2 Side Corner Bungalow Facing Tiles Flooring,12 hours ago,"dha defence, karachi, sindh",54066391,,,,Verified,32.0,923002432142,,17094.017094017094,1.0
1400sq ft 2BHK Luxury Flat (READY TO MOVE) Available on CASH/ INSTALMENTS. Paragon Towers are available on SALE at minimum prices.,8000000.0,https://www.zameen.com/Property/bahria_town_precinct_17_paragon_tower_1400sq_ft_2bhk_luxury_flat_ready_to_move_available_on_cash_instalments_paragon_towers_are_available_on_sale_at_minimum_prices-53967056-21833-1.html,2.0,2.0,1404.0,"Welcome to Paragon Towers, an epitome of luxury living situated in the prestigious Precinct 17 of Bahria Town Karachi. This exquisite 2-bedroom apartment offers a perfect blend of comfort, convenience, and elegance, setting a new standard for contemporary urban living.  Apartment Features: - 2 Bedrooms: Spacious bedrooms designed for relaxation and privacy.  - Attached Bathrooms: Each bedroom equipped with its own attached bathroom for added convenience.  - Huge T. V Lounge: Expansive lounge area perfect for entertaining guests or unwinding with family.  - Powder Washroom: Additional powder room for guests' convenience.  Project Amenities: - Inner & Outer Apartments Available: Choose from a variety of apartment options tailored to your preferences.  - Kids Play Area: Dedicated space within the project for children to play safely.  - 24/7 Utilities & Security: Enjoy uninterrupted access to electricity, water, and round-the-clock security with CCTV monitoring.  - Gated Community: Secure and private environment for residents' peace of mind.  - Beautiful Reception & Waiting Area: Elegantly designed reception area welcomes guests with warmth and sophistication.  - Helpful Staff: Professional staff always ready to assist residents with their needs.  - 24/7 Customer Support: Quick troubleshooting and responsive customer support for any inquiries or concerns.  Additional Facilities: - Dedicated Car Parking Area: Convenient parking space for residents' vehicles.  - High-Speed Passenager Lifts: Four high-speed passenger lifts ensure swift and efficient vertical transportation.  - Cargo Lift: Dedicated cargo lift for easy transportation of goods.  - Modern Firefighting System: State-of-the-art firefighting system ensures the safety of residents at all times.  Rent Details: - Available at a very reasonable rent, making luxury living affordable without compromise.  Indulge in the ultimate urban lifestyle at Paragon Towers, where every detail is crafted to elevate your living experience. Don't miss this opportunity to call this exquisite apartment your new home.",10 hours ago,"bahria town karachi, karachi, sindh",53967056,Arslan Ayub,Karachi Realtors,https://www.zameen.com/Profile/Karachi-Karachi_Realtors-201992-1.html,Verified,150.0,923272366160,moizghazni945@gmail.com,5698.005698005698,1.0
READY TO MOVE 2950sq ft 4Bed Luxury Apartment at Tower-8 Near Entrance of Bahria Town Karachi FOR SALE,25000000.0,https://www.zameen.com/Property/bahria_town_karachi_bahria_apartments_ready_to_move_2950sq_ft_4bed_luxury_apartment_at_tower-8_near_entrance_of_bahria_town_karachi_for_sale-54003789-9030-1.html,4.0,4.0,2952.0,"Brings You An Opportunity To Buy 2950 Square Ft 4 Bedrooms Luxury Apartment In Bahria Town, Karachi Bahria Apartments Are Located On Jinnah Ave And Right Next To Main Entrance Gate Of Bahria Town Karachi.  It's A Brand New Apartment And Location Is Also Good. More Than 2000 Families Are Already Living In Bahria Apartments.  Size Of The Apartment Is 2950 Sq. Feet Having 4 Bedrooms With Attached Bathroom + T. V Lounge + Servant Quarter Bahria Town Karachi Comes With World Class Amenities And Some Amazing Tourist Attractions Like Full Size Replica Of Taj Mahal, Central Park, Carnival, Dancing Fountain, Eiffel Tower, Rafi Cricket Stadium And Much More Please Note That More Options Of Apartments,125 Plots And Villas Are Also Available In Different Blocks Of Bahria Town Karachi.  Bahria Town Karachi Is A Master-Planned Gated Community Which Promises The International Standards Of Infrastructure And State-Of-The-Art Amenities To Its Residents.",10 hours ago,"bahria town karachi, karachi, sindh",54003789,Syed Ahsan Anwar,AA Real Estate And Builders,https://www.zameen.com/Profile/Karachi-AA_Real_Estate_And_Builders-201682-1.html,Verified,75.0,923242492558,iahsananwar@gmail.com,8468.834688346884,1.0
Apartment For Sale . Al Khizra Appt 2 Bed DD,10500000.0,https://www.zameen.com/Property/gulistan_e_jauhar_gulistan-e-jauhar_-_block_3-a_apartment_for_sale_al_khizra_appt_2_bed_dd-53948912-6827-1.html,2.0,2.0,900.0,"2 Bed DD Apartment for Sale Ground Floor | Leased | Prime Location A well-maintained 2 Bed Drawing Dining apartment (900 sq ft) is available for sale on the Ground Floor. The flat is located near the main road, making it very convenient for families.  Property Details: 2 Bedrooms Drawing & Dining Area Ground Floor Apartment Approx. 900 Sq Ft Area Building Facilities: Lift Available Car Parking Available Continuous Water Supply Family Building Good Ventilation Location Advantages: Near Main Road Close to Market, Masjid & Public Transport Peaceful & Secure Environment Legal Status: Proper Leased Property All Documents & Papers Clear",10 hours ago,"gulistan-e-jauhar, karachi, sindh",53948912,Abdul Qayum khan /Shahzaib khan,Horizon Associates,https://www.zameen.com/Profile/Karachi-Horizon_Associates-164996-1.html,Verified,22.0,923449554726,horizon.associate682@gmail.com,11666.666666666666,1.0
4 Bed Drawing Dinning Ground Floor For Sale Jamshed Road Karachi,41000000.0,https://www.zameen.com/Property/karachi_jamshed_road_4_bed_drawing_dinning_ground_floor_for_sale_jamshed_road_karachi-53748612-244-1.html,4.0,4.0,3150.0,Ground Floor  4 Bed Drawing Dinning attached Bathroom  Almost New  Parking  Contact  Ayaan Real Estate and Builders  Muhammad Imran,11 hours ago,"jamshed road, karachi, sindh",53748612,Muhammad Imran,Ayyan Real Estate,https://www.zameen.com/Profile/Karachi-Ayyan_Real_Estate-191123-1.html,Verified,32.0,923002314984,khanimranib@yahoo.com,13015.873015873016,1.0
Flat for sale,7800000.0,https://www.zameen.com/Property/malir_malir_halt_flat_for_sale-53988527-9589-1.html,2.0,2.0,720.0,2nd floor 2 bed dd with attached bathroom drawing and dining room sweet water and bowring water no load shading west open with lift project car parking 24 hours security guard (pics original nahi hain),11 hours ago,"malir, karachi, sindh",53988527,Muzaffar,Ayyan Real Estate,https://www.zameen.com/Profile/Karachi-Ayyan_Real_Estate-191123-1.html,Verified,32.0,923352859877,khanimranib@yahoo.com,10833.333333333334,1.0
Apartment Is Available For Sale,14000000.0,https://www.zameen.com/Property/dha_phase_5_tauheed_commercial_area_apartment_is_available_for_sale-52992996-8487-1.html,2.0,2.0,1053.0,*Apartment for Sale* *Touheed Commercial* *Dha phase. 5* 1st floor after Mezzanine 2Bedrooms Drawing dining tv lounge kitchen tiled flooring fully Renovated *Sale:1.4/crore*,11 hours ago,"dha defence, karachi, sindh",52992996,Ramzan Barkat & Mubbashar Hussnain,Golden Estate And Builders,https://www.zameen.com/Profile/Karachi-Golden_Estate_And_Builders-204275-1.html,Verified,74.0,923095156285,ramzanbarkat076@gmail.com,13295.346628679961,1.0
2nd Floor 2 Bed Studio For Sale In Saba Commercial,6800000.0,https://www.zameen.com/Property/dha_phase_5_saba_commercial_area_2nd_floor_2_bed_studio_for_sale_in_saba_commercial-52065129-6671-1.html,2.0,2.0,450.0,"well maintain neat and clean studio for sale  in saba commercial  call now The thriving city of Karachi gives plenty options for property investment. It's never too late to own your home, so take that decision by choosing from our many available for sale property options. We are offering this prime location Flat at reasonable price. Make this ideal property yours at a bargain price of Rs. 6800000 . Your dream life awaits you in Saba Commercial Area. Interested in 450 Square Feet sized properties? Here is a popular option.  Following are some details of the property.  Now you can entertain your foody guests with ease in the separate dining room that comes with this property.  Double glazed windows offer security as well as look beautiful in the Flat.  To book your unit, get in touch with us today.",11 hours ago,"dha defence, karachi, sindh",52065129,R. A. D Holdings Real Estate,RAD Holdings,https://www.zameen.com/Profile/Karachi-RAD_Holdings-188878-1.html,Verified,23.0,923048138908,yasirderoo@gmail.com,15111.111111111111,1.0
Beautiful 2 Bed Dd For Sale In Big   Nishat Commercial,15000000.0,https://www.zameen.com/Property/dha_phase_6_nishat_commercial_area_beautiful_2_bed_dd_for_sale_in_big_nishat_commercial-53139885-8491-1.html,2.0,3.0,954.0,APARTMENT FOR SALE  2 BEDROOM DINING ROOM LAUNGE 1ST FLOOR 2ND FLOOR 3RD FLOOR 950 SQUARE FEET 2 SIDE CORNER BUILDING AFTER MEZZANINE  1ST FLOOR 1.85 2ND FLOOR 1.80 3RD FLOOR 1.60 FULLY RENOVATED APARTMENT  LOCATION PHASE 6 BIG  NISHAT LINE 8 12 K CORNER,11 hours ago,"dha defence, karachi, sindh",53139885,R. A. D Holdings Real Estate,RAD Holdings,https://www.zameen.com/Profile/Karachi-RAD_Holdings-188878-1.html,Verified,23.0,923250789889,yasirderoo@gmail.com,15723.270440251572,0.6666666666666666
Most Urgent Chance Deal 2 Bedroom Apartment For Sale In Coral Tower,51500000.0,https://www.zameen.com/Property/dha_phase_8_emaar_crescent_bay_most_urgent_chance_deal_2_bedroom_apartment_for_sale_in_coral_tower-53233095-8503-1.html,2.0,2.0,1503.0,2 Bedroom Apartment For Sale In Coral Tower Emaar Coral Tower  2 bed Partial sea 1500 sq ft With out maid room Model floor,9 hours ago,"dha defence, karachi, sindh",53233095,Muhammad awwab,Baigs Properties,https://www.zameen.com/Profile/Karachi-Baigs_Properties-172678-1.html,Verified,122.0,923020256842,arsalan.hasmi1984@gmail.com,34264.80372588157,1.0
2-Bed Ultra-Luxury Sea Facing Apartment in Saima Tower HMR Waterfront Karachi,47200000.0,https://www.zameen.com/Property/dha_phase_8_hmr_waterfront_2-bed_ultra-luxury_sea_facing_apartment_in_saima_tower_hmr_waterfront_karachi-53949175-19639-1.html,2.0,2.0,1080.0,"Experience unparalleled waterfront living with this exclusive 2-bedroom sea-facing apartment in Saima Marina Residence, a landmark 40-storey residential tower at HMR Waterfront, DHA Phase 8 Karachi. Designed for modern families and investors, this apartment offers breathtaking Arabian Sea views and premium lifestyle amenities.  Covering 1076 Sqft, the apartment features one bedroom with an attached bathroom, spacious TV lounge/living area, American-style kitchen with utility area, powder room, and a private terrace. Each element is thoughtfully crafted to ensure comfort, functionality, and luxury.  Apartment Features: * 2 Bedroom with Attached Bathroom * TV Lounge / Living Area * American Kitchen + Utility Area * Powder Room * Private Terrace * 1076 Sqft Covered Area Residents enjoy state-of-the-art amenities including swimming pool, gym, sauna, jacuzzi, yoga area, kids play area, rooftop lounge, landscaped parks, event halls, and secure gated community with 24/7 CCTV.  Location Highlights: * Do Darya 5 min * DHA Golf Club 10 min * Dolmen Mall 15 min * South City Hospital 20 min * Sea View Beach 25 min * Jinnah International Airport 40 min Residents enjoy a host of world-class facilities, including an indoor gym, yoga and open-air fitness areas, sauna and jacuzzi, swimming pool, kids play area, community lounge, family area, landscaped park, rooftop retreat, and multiple dining options.  Additional amenities include seven floors of secure parking, high-speed passenger and cargo lifts, standby generator for uninterrupted power, 24/7 CCTV surveillance, RO plant for clean drinking water, prayer area, and gated community security.  Strategically located in HMR Waterfront, DHA Phase 8, the tower offers easy connectivity to major city attractions: Do Darya 5 min, DHA Golf Club 10 min, Dolmen Mall 15 min, South City Hospital 20 min, Sea View Beach 25 min, Jinnah International Airport 40 min.  Dont miss this opportunity! Book your visit today and experience the luxury of sea-front living at Saima Marina Residence.",10 hours ago,"dha defence, karachi, sindh",53949175,Muhammad Wahib Yousuf,Sea Front Realty,https://www.zameen.com/Profile/Karachi-Sea_Front_Realty-205136-1.html,Verified,160.0,923360877859,binyousuf.btk@gmail.com,43703.7037037037,1.0
"READY TO MOVE 1100sq ft 2Bed Lounge Flat Available FOR SALE in Bahria Heights in TOWER A, H & G (Ready to Move)",4500000.0,https://www.zameen.com/Property/bahria_town_karachi_bahria_heights_ready_to_move_1100sq_ft_2bed_lounge_flat_available_for_sale_in_bahria_heights_in_tower_a_h_g_ready_to_move-53974461-11761-1.html,2.0,2.0,1098.0,Brings You An Opportunity To Buy A Brand New 2 Bed Apartment Which Is Available In Bahria Heights Apartments Bahria Heights Is A Unique Community Concept That Offers Luxury Environment In A Fully Integrated Lifestyle Modern And Chic 2 Bedroom Apartments In Bahria Heights Are Suitable For All Kinds Of Families And Provide An Easy Access To All Lifestyle Facilities Such As Commercial Areas Gym Spa Restaurants Mini Golf And Much More The Apartments Are Designed In A Neighborhood Concept With Each Block Consisting Of 4 Identical Buildings Each Block Offers Its Own Amenities And Facilities And A Central Courtyard Enclosed Within Serving As A Secure Playground For Children 24 hours Security At Bahria Heights Gives You A Sense Of Peace Of Comfort To Live Life Without Worry Uninterrupted Electricity Around The Clock Maintenance And All Other Bahria Town Services Make Bahria Heights An Ideal Location For A Comfortable Life,13 hours ago,"bahria town karachi, karachi, sindh",53974461,Syed Ahsan Anwar,AA Real Estate And Builders,https://www.zameen.com/Profile/Karachi-AA_Real_Estate_And_Builders-201682-1.html,Verified,75.0,923242492558,iahsananwar@gmail.com,4098.360655737705,1.0
Spacious Slightly Used 3 Bedrooms Apartment For Sale In Clifton Marina,46000000.0,https://www.zameen.com/Property/clifton_clifton_-_block_7_spacious_slightly_used_3_bedrooms_apartment_for_sale_in_clifton_marina-53801767-1669-1.html,3.0,4.0,1602.0,"""PREMIUM APARTMENT FOR SALE IN CLIFTON MARINA BLOCK 7 - Spacious, slightly used 3 bedrooms - Drawing lounge, kitchen , reserve parking - Amenities: - Backup generator - Modern reception - Gymnasium - Community Center - Project known for luxury living - Demand: 4.6 Cr (final) Own this stunning apartment in Clifton's sought-after location! Contact us to schedule a viewing today!",13 hours ago,"clifton, karachi, sindh",53801767,Abdullah Bhojani,Architrade Enterprises,https://www.zameen.com/Profile/Karachi-Architrade_Enterprises-148157-1.html,Verified,68.0,923243227340,architrad_ent@hotmail.com,28714.10736579276,0.75
APARTMENT FOR Sale DHA Phase 5,15500000.0,https://www.zameen.com/Property/dha_defence_dha_phase_5_apartment_for_sale_dha_phase_5-54066124-1482-1.html,2.0,2.0,900.0,APARTMENT FOR Sale DHA phase 5   2nd Floor (With Mezzanine) Proper 2 Bedrooms Huge Kitchen & Spacious Lounge Balcony Proper Family Building Tile Flooring  1000 Sqfeet  Fully Renvoted 200yard project   Ready to Move Safe & Secure 40 fit road Interence Need and clean  Environment | 24 Hour main Gate locked  Demand 155,14 hours ago,"dha defence, karachi, sindh",54066124,Saad Khalil mirza,Beachfront properties,https://www.zameen.com/Profile/Karachi-Beachfront_properties-191705-1.html,Verified,8.0,923343616372,beachfront.pk@gmail.com,17222.222222222223,1.0
2 BED DD Apartment For Sale In Defence Skyline Karachi,16500000.0,https://www.zameen.com/Property/shaheed_e_millat_expressway_defence_skyline_2_bed_dd_apartment_for_sale_in_defence_skyline_karachi-53112774-9447-1.html,2.0,3.0,1152.0,"2 BED DD Apartment For Sale In Defence Skyline Karachi Start Exploring Property Options Today In The Bustling City Of Karachi That Provides Modern Facilities And Infrastructure. The Flat Is Valued At A Price Of PKR Rs. 16500000 And It'S The Best Opportunity For Investment. Properties In The Best Locations Sell Fast, So Be Quick If You Want To Own One Yourself. If You Want Property In Defence Skyline, This Is The Listing You Mustn'T Miss. This 1150 Square Feet Property Is Great For Your Investment Needs. You Can Enjoy A Lavish Lifestyle In The Flat Surrounded By All Kinds Of Activities.  Find Out What The Property Entails Below.  For The Ultimate Luxury Experience, The Property Also Has A Sauna For A Healthier And Relaxed State Of Body And Mind.  Feeling Stressed? Simply Step Into The Steam Room That Is Part Of The Flat For A Few Minutes.  Mealtime With Families Or Entertaining Guests, The House'S Large Dining Room Solves All Problems.  The Security Staff Will Be Available Round The Clock To Ensure That Residents Can Lead A Peaceful Life.  You Can Spend Your Time In Peace And Quiet With A Beautiful Mosque Situated Near The Flat.  Enjoy Fast Speed Broadband Internet Access Available In The Property.  The Flat Features State-Of-The-Art Amenities For The Differently-Abled.  For Any Kind Of Property Advice, You Can Get In Touch With Us.",14 hours ago,"shaheed-e-millat expressway, karachi, sindh",53112774,Shahbaz Sharif,Housify Properties Pvt Ltd,https://www.zameen.com/Profile/Karachi-Housify_Properties_Pvt_Ltd-205455-1.html,Verified,33.0,923107101010,muhammadzohaibattari2021@gmail.com,14322.916666666666,0.6666666666666666
"Ideal Prime Location 1350 Square Feet Flat has landed on market in PECHS Block 2, Karachi",23500000.0,https://www.zameen.com/Property/pechs_pechs_block_2_ideal_prime_location_1350_square_feet_flat_has_landed_on_market_in_pechs_block_2_karachi-54007432-6933-1.html,3.0,3.0,1350.0,Pechs block 2 2nd floor flat 3 bed dd with attach bath 1 Car parking 1350 Sqft 235lac,15 hours ago,"jamshed town, karachi, sindh",54007432,Shoaib Ilyas,Fine Estate,https://www.zameen.com/Profile/Karachi-Fine_Estate-177897-1.html,Verified,57.0,923253450882,shoaib.fineestate420@gmail.com,17407.40740740741,1.0
DHA PHASE 2 Ext Flat For Sale 1800sq Feet 3 Bed Room Apartment,23500000.0,https://www.zameen.com/Property/dha_defence_dha_phase_2_extension_dha_phase_2_ext_flat_for_sale_1800sq_feet_3_bed_room_apartment-53870740-1672-1.html,2.0,4.0,1800.0,"1800 Sq. Ft. Luxury 3-Bed Drawing Dining Flat for Sale  2nd Floor DHA Phase 2 Extension, Main South Park Avenue Near Master Juice & Rahat Milk Corner  Prime Location | Ideal for Living & Investment A beautifully maintained 3 Bedrooms Drawing Dining (3 Bed DD) apartment is available for sale in the heart of DHA Phase 2 Extension, situated on Main South Park Avenue one of the most sought-after and peaceful residential areas.   Property Features:  1800 Sq. Ft. Covered Area  3 Spacious Bedrooms with Attached Bathrooms  Drawing Room & Dining Area  Modern Kitchen  Excellent Ventilation & Natural Light  2nd Floor (Well-Maintained Building)  Reserved Car Parking  Secure & Peaceful Environment  Location Highlights: Main Road Facing Walking distance to parks, masjid & market Near Master Juice & Rahat Milk Corner Easy access to main commercial areas Prime and highly demanded location of DHA  Ideal for families and investors Serious buyers may contact for further details and visit",12 hours ago,"dha defence, karachi, sindh",53870740,Muhammad Zahid Iqbal,Centron Real Estate,https://www.zameen.com/Profile/Karachi-Centron_Real_Estate-157947-1.html,Verified,32.0,923008971224,centronrealestate@gmail.com,13055.555555555555,0.5
Appartment For sale malir cant Askri 5 block j,50000000.0,https://www.zameen.com/Property/askari_5_askari_5_-_sector_j_appartment_for_sale_malir_cant_askri_5_block_j-54056450-17289-1.html,4.0,4.0,2997.0,Appartment For sale Malir cant Askri 5 block j 4 bedroom drawing dining lounge Lift car parking Stand by gernater Near park and masjid market,12 hours ago,"cantt, karachi, sindh",54056450,Zubair Ali,Ar Rehman Associate,https://www.zameen.com/Profile/Karachi-Ar_Rehman_Associate-185871-1.html,Verified,47.0,923062520683,iq.hussain.2015@gmail.com,16683.35001668335,1.0
APARTMENT FOR SALE,11000000.0,https://www.zameen.com/Property/dha_defence_dha_phase_2_extension_apartment_for_sale-53701891-1672-1.html,2.0,2.0,900.0,"This 900 Square Feet sized property best fits the description you plugged in. You will be hard-pressed to find such a price of Rs. 11000000 in the area. Buying the right property for you has never been so easier! The Flat comes well-fitted with modern fixtures so you can enjoy your space with ease. Make your lifestyle dreams come true in Karachi. A prime location like DHA Phase 2 Extension is the first thing many consider before buying property.  2 BEDROOM, ATTACH WASHROOM, DRAWING ROOM, LOUNGE, KITCHEN, GALERY, 1st FLOOR, TILE FLOORING, EAST OPEN, NEAR WEST OPINT TOWER, 12th COMMERCAL STREET PHASE 2 EXTN, DHA.  Some prominent details of the property are as follows.  This drawing room is the perfect space to host formal dinner and parties.  A well-lit, open-space lounge is perfect for family discussions and gatherings.  We are only a call away to guide you to make the best property decisions of your life.",12 hours ago,"dha defence, karachi, sindh",53701891,muazzam bin majeed,Majeed Real Estate,https://www.zameen.com/Profile/Karachi-Majeed_Real_Estate-205209-1.html,Verified,12.0,923002862081,muazzambinmajeed164@gmail.com,12222.222222222223,1.0
Brand new 3 bedrooms with lift available at Rahat commercial,22000000.0,https://www.zameen.com/Property/dha_phase_6_rahat_commercial_area_brand_new_3_bedrooms_with_lift_available_at_rahat_commercial-54066315-8502-1.html,3.0,3.0,1197.0,I have a 3 bedrooms brand new apartment with lift available for saleLocated at Rahat commercial near SKBZ school there is 3 bedrooms drawing dining kitchen 4th floor with lift all documents are completed for more information & visit please contact us,12 hours ago,"dha defence, karachi, sindh",54066315,Malik Mansoor,Prestige Estates & Holdings,https://www.zameen.com/Profile/Karachi-Prestige_Estates_&_Holdings-180051-1.html,Verified,37.0,923329855786,malikmansoor779@gmail.com,18379.281537176274,1.0
Brand New 2 bed d. d Flat For Sale,14800000.0,https://www.zameen.com/Property/scheme_33_sector_34_a_saima_residencia_brand_new_2_bed_d_d_flat_for_sale-54066150-22375-1.html,2.0,2.0,1197.0,Saima Residencia Boundary Wall ProjectOpposite Tulip TowerScheme 33 Sector 34/A2 bedroom with Attached BathBig BalconyWashing AreaBack up GeneratorWater ActiveGas ActiveElectricity AvailableBeautiful Mosque Car ParkingC. C. T. V MonitoringFor Further Details Plz ContactNoman AhmedS. K Estate.,13 hours ago,"scheme 33, karachi, sindh",54066150,Salman Khan,S K Estate,https://www.zameen.com/Profile/Karachi-S_K_Estate-195555-1.html,Verified,49.0,923313555666,salmank42999@gmail.com,12364.243943191312,1.0
BRAND NEW FLAT For Sale,18000000.0,https://www.zameen.com/Property/karachi_naya_nazimabad_brand_new_flat_for_sale-53875789-10079-1.html,2.0,2.0,1125.0,Brand New Flat Naya Nazimabad Peace Apartment 2 Bed Drawing Lounge For More Details Courtesy Us,14 hours ago,"naya nazimabad, karachi, sindh",53875789,Affan ali,Al- Ali Enterprise,https://www.zameen.com/Profile/Karachi-Al__Ali_Enterprise-194640-1.html,Verified,30.0,923192399007,affanalia03@gmail.com,16000.0,1.0
"Brand New Emaar Panorama's 1-Bedroom Luxury Apartment, Sea-Facing, And Designed For Sophistication. Features Include Attached Bathroom, TV Lounge, Dining Area, American-Style Kitchen, And Private Balcony",47900000.0,https://www.zameen.com/Property/dha_phase_8_emaar_panorama_brand_new_emaar_panorama_s_1-bedroom_luxury_apartment_sea-facing_and_designed_for_sophistication_features_include_attached_bathroom_tv_lounge_dining_area_american-style_kitchen_and_private_balcony-53926672-17182-1.html,1.0,1.0,1170.0,"Elegant waterfront living with this luxury 1-bedroom apartment in Emaar Panorama, located in the prestigious Emaar Crescent Bay community, DHA Phase 8 Karachi. Designed by Emaar Pakistan, this modern residence offers breathtaking views of the Arabian Sea, elegant interiors, and world-class amenities for a sophisticated lifestyle.  Spanning 1171 Sqft, this beautifully designed apartment features a spacious bedroom with attached bathroom, a comfortable TV lounge and dining area, a stylish American kitchen, and a private balcony where you can enjoy refreshing sea views and peaceful surroundings.  Panorama is a 46-floor iconic residential tower offering contemporary architecture, premium finishing, and a vibrant waterfront lifestyle. Residents enjoy direct access to a lively promenade featuring fine dining, retail outlets, and entertainment options.  Apartment Features: 1 Bedroom with Attached Bathroom TV Lounge & Dining Area American Style Kitchen Spacious Balcony 1171 Sqft Covered Area The project offers resort-style amenities including an infinity swimming pool, fully equipped gym, cinema screen, residents' lounge, kids play areas, and a business center. With 24/7 security, CCTV surveillance, high-speed elevators, and 100% power backup, Panorama ensures comfort, safety, and convenience for residents.  Ideally located in DHA Phase 8 Karachi, the project is only minutes away from Dolmen Mall, DHA Golf Club, Do Darya, top schools, hospitals, and major city hotspots.  Whether you are looking for a luxury residence or a high-value real estate investment, this apartment offers an exceptional opportunity to own a home in one of Karachis most prestigious beachfront communities.  Panorama Amenities Infinity Swimming Pool Fully Equipped Gym Cinema Screen Residents Lounge Business Centre Kids Play Areas Beachfront Promenade High Speed Elevators 24/7 Security & CCTV 100% Power Backup Contact today to secure your grand sea-facing residence at Emaar Panorama",10 hours ago,"dha defence, karachi, sindh",53926672,Ahsan Yousaf,Sea Front Realty,https://www.zameen.com/Profile/Karachi-Sea_Front_Realty-205136-1.html,Verified,160.0,923360878079,binyousuf.btk@gmail.com,40940.17094017094,1.0
1100 Sq. ft 2 Bed Sea View Apartment Available in Multiple Towers In Emaar Crescent Bay DHA Phase 8,44700000.0,https://www.zameen.com/Property/dha_phase_8_emaar_crescent_bay_1100_sq_ft_2_bed_sea_view_apartment_available_in_multiple_towers_in_emaar_crescent_bay_dha_phase_8-53920795-8503-1.html,2.0,2.0,1098.0,"Experience modern waterfront living at Emaar Crescent Bay, one of Karachis most prestigious gated communities. This 1100 Sq. ft 2 Bedroom apartment combines style, comfort, and spectacular sea views, ideal for families or investors seeking premium living.  2 Bedroom apartments are available across all 13 Crescent Bay, giving you flexibility and choice among these elite towers: The 13 Projects: 1- Coral Towers 2- Pearl Towers 3- Reef Towers 4- Park Edge 5- The Views 6- Panorama 7- H1 Tower 8- Saima Tower 9- AA Waterfront 10- H&S Residence 11- Saima Marina Residence 12- Goldcrest Bay Sands Apartment Features:  2 Bedrooms with Attached Bathrooms Spacious TV Lounge & Dining Area Private Balcony with Sea Views American Style Kitchen + Separate Kitchenette Study Room, Utility / Servant Quarter Powder Room High-End Finishes & Designer Fixtures Community Amenities:  Outdoor Swimming Pool & Childrens Pool Fully Equipped Gymnasium Kids Play Area Communal BBQ Area Retail Shops & Restaurants Business Center Landscaped Parks & Walking Tracks 24/7 Security with CCTV & Intercom Dedicated Parking & High-Speed Elevators Location Advantages:  Steps from the Arabian Sea & Private Promenade Near Do Darya, Clifton Beach Minutes from Dolmen Mall Clifton Contact today to explore 2 Bed apartments across all 13 Crescent Bay / HMR towers and secure your premium waterfront residence.",10 hours ago,"dha defence, karachi, sindh",53920795,Arbaz yousaf,Sea Front Realty,https://www.zameen.com/Profile/Karachi-Sea_Front_Realty-205136-1.html,Verified,160.0,923322060543,binyousuf.btk@gmail.com,40710.3825136612,1.0
"Brand New Apartment For Sale Al-Murtaza Commercial, DHA Phase 8",43500000.0,https://www.zameen.com/Property/dha_defence_dha_phase_8_brand_new_apartment_for_sale_al-murtaza_commercial_dha_phase_8-53557850-1485-1.html,3.0,4.0,1701.0,"Brand New Apartment For Sale Al-Murtaza Commercial, DHA Phase 8 Location:Al-Murtaza Commercial, DHA Phase VIII, Karachi Size:~1700 sq ft (8 Marla / 189 Sq Yd) Bedrooms:3 Bathrooms:4 Floor:First Floor (withLift) Car Parking:Reserved parking included Power:Standby generator Security:CCTV installed Building:Corner / 3-side exposure Condition:Brand New (very recent listing) Features At a Glance Prime 3-Bedroom + 4-Bath Layout spacious design with DD format.  Lift + Standby Generator full amenities for comfortable living.  Reserved Car Parking included.  Security / CCTV installed.  Corner Building (3 sides) good ventilation & light.  Demand/Price: PKR ~4.35 Crore (on call)",15 hours ago,"dha defence, karachi, sindh",53557850,Shehmeer Shah Khan,Shehmeer Shah Khan,https://www.zameen.com/Profile/Karachi-Shehmeer_Shah_Khan-151880-1.html,Verified,13.0,923042300952,shehmeerkhan75@gmail.com,25573.192239858905,0.75
Prime Location 1260 Square Feet Flat Available For Sale In Naya Nazimabad,20000000.0,https://www.zameen.com/Property/karachi_naya_nazimabad_prime_location_1260_square_feet_flat_available_for_sale_in_naya_nazimabad-54027873-10079-1.html,2.0,2.0,1260.0,"Naya Nazimabad Peace Apartments  (Type B | 1260 Sq. Ft)  Modern Living | Prime Location | Easy Installment Plan  Total Price: PKR 2,01,88,144 Booking / Down Payment (20%): PKR 39,90,000  Easy Monthly Plan:  Monthly Installment: PKR 2,38,208 Duration: 68 Months Total Installment Amount: PKR 1,61,98,144  Apartment Details:  2 Bed DD Spacious Lounge Modern Layout Peaceful & Secure Environment Facilities: 24/7 Electricity, Water & Gas Boundary Wall Project Family-Friendly Community  Location: Naya Nazimabad, Karachi  Limited Units Available Book Your Dream Home Today!",15 hours ago,"naya nazimabad, karachi, sindh",54027873,Hasan Ali,Al Barakah Properties And Builders,https://www.zameen.com/Profile/Karachi-Al_Barakah_Properties_And_Builders-205315-1.html,Verified,21.0,923327914268,syed.hasanali.sales@gmail.com,15873.015873015873,1.0
Prime Location Flat Of 1014 Square Feet Is Available For sale,17000000.0,https://www.zameen.com/Property/karachi_naya_nazimabad_prime_location_flat_of_1014_square_feet_is_available_for_sale-54027874-10079-1.html,2.0,2.0,1017.0,"Naya Nazimabad Peace Apartments  (Type C | 1014 Sq. Ft)  Modern Living | Prime Location | Easy Installment Plan  Total Price: PKR 17,000,000 Booking / Down Payment (20%): PKR 34,00,000  Easy Monthly Plan:  Monthly Installment: PKR 1,86,300 Duration: 68 Months  Apartment Details:  2 Bed D Lounge Spacious Lounge Modern Layout Peaceful & Secure Environment Facilities: 24/7 Electricity, Water & Gas Boundary Wall Project Family-Friendly Community  Location: Naya Nazimabad, Karachi 6 Years Installment plan possession Given in 4 years   Limited Units Available Book Your Dream Home Today!",15 hours ago,"naya nazimabad, karachi, sindh",54027874,Hasan Ali,Al Barakah Properties And Builders,https://www.zameen.com/Profile/Karachi-Al_Barakah_Properties_And_Builders-205315-1.html,Verified,21.0,923327914268,syed.hasanali.sales@gmail.com,16715.83087512291,1.0
Chance Deal 2 Bed DD Flat For SALE PHASE 2,15000000.0,https://www.zameen.com/Property/dha_defence_dha_phase_2_extension_chance_deal_2_bed_dd_flat_for_sale_phase_2-54065829-1672-1.html,2.0,2.0,1197.0,"**Chance Deal** 2 Bed DD Flat for SALE Location: PHASE 2 Commercial 3 side CORNER 2ND Floor 2 Bedrooms Drawing Room Dining Area Attached Bathrooms Modern Kitchen  Water, Electricity & Gas Available Safe & Peaceful Family Building Prime Commercial Area",15 hours ago,"dha defence, karachi, sindh",54065829,Azan Ali Khan,Inzi Enterprises,https://www.zameen.com/Profile/Karachi-Inzi_Enterprises-146121-1.html,Verified,13.0,923332033073,azanali15173@gmail.com,12531.328320802006,1.0
BRAND NEW FLATS AVAILABLE,90000000.0,https://www.zameen.com/Property/karachi_bath_island_brand_new_flats_available-54065350-198-1.html,3.0,4.0,2502.0,BRAND NEW FLAT FOR SALE-BATHISLAND 3 BEDROOMS+DRAWING+POWDER WASHROOM+MAID ROOM WEST OPEN 2500 SQFT WITH 3 CAR PARKING BRAND NEW PROJECT NEAR POSSESSION PRICE 9/- CR-BATHISLAND 4 BEDROOMS+DRAWING+POWDER WASHROOM+MAID ROOM WEST/EAST 3000 SQFT WITH 4 CAR PARKING BRAND NEW PRICE 11/-ALL MODERN AMENITIES AVAILABLE FOR MORE DETAILS CONTACT AAMIR MUSSANIView Contact Detail,16 hours ago,"bath island, karachi, sindh",54065350,Nasir Memon,Zam Zam Properties,https://www.zameen.com/Profile/Karachi-Zam_Zam_Properties-150383-1.html,Verified,44.0,923233244578,zamzamproperties00@gmail.com,35971.22302158274,0.75
1800 SQFT FULL RENOVATED 3 BED DD FLAT SALE ON MAIN SHAHRAH E FAISAL,31500000.0,https://www.zameen.com/Property/karachi_shahra-e-faisal_1800_sqft_full_renovated_3_bed_dd_flat_sale_on_main_shahrah_e_faisal-45749425-310-1.html,3.0,3.0,1800.0,"1800 SQFT FULL RENOVATED FLAT SALE ON MAIN SHAHRAH E FAISAL,  FULL RENOVATED TILE FLOOR  HUGE AMERICAN KITCHEN  3 BEDS WITH ATTACHED BATH  BIG SIZE DRAWING ROOM  HUGE LOUNGE  BIG TERRACE  RESERVED PARKING GARAGE  LIFT  STAND BY GENERATOR  24 HOUR SECURITY  24-HOUR SWEET WATER  MAINTAINED BUILDING  CALL FOR MORE DETAILS. . . . . . . .",14 hours ago,"shahra-e-faisal, karachi, sindh",45749425,Mustafa Khan,Continental Estate Services,https://www.zameen.com/Profile/Karachi-Continental_Estate_Services-170102-1.html,Verified,138.0,923002020489,mustafaclc@gmail.com,17500.0,1.0
3 Bed Super Luxury 2000 Square Feet Flat For Sale On Tariq Road,31000000.0,https://www.zameen.com/Property/karachi_tariq_road_3_bed_super_luxury_2000_square_feet_flat_for_sale_on_tariq_road-46798193-532-1.html,3.0,3.0,1998.0,"3 BED SUPER LUXURY FLAT SALE ON TARIQ ROAD.  4th Floor West Open Full Furnish Flat Available at Main Tariq Road,Karachi,Pakistan  Flat Size 2000 Square Feet Gross / 1800 Square Feet net  Home Specification:  3 Bedrooms With Attached Bathrooms  Drawing Room  Koman / TV Lounge  Kitchen  Washing Area  2 Balcony West Open  Underground Basement Reserved Car Parking  Main Road Side Corner Flat  Electricity, Gas, Water 24 hours availabe.  call for more details. . . . . . . . .",14 hours ago,"tariq road, karachi, sindh",46798193,Mustafa Khan,Continental Estate Services,https://www.zameen.com/Profile/Karachi-Continental_Estate_Services-170102-1.html,Verified,138.0,923002020489,mustafaclc@gmail.com,15515.515515515515,1.0
1700 Sq Ft Very Well Maintained Flat On Main Khalid Bin Waleed Road For Sale,45000000.0,https://www.zameen.com/Property/karachi_khalid_bin_walid_road_1700_sq_ft_very_well_maintained_flat_on_main_khalid_bin_waleed_road_for_sale-43488733-253-1.html,3.0,3.0,1701.0,"1800 Sqft Like Brand New Flat On Main Khalid Bin Waleed Road, 3 Bed With Attached Bath Big Drawing Room Big Lounge Kitchen Store Washing Area Big Terrace Cross West Open 24 Security With Cctv Camera 3 Lifts Standby Generator Big Reception Waiting Area Mosque In Parking Lot Reserve Car Parking With A Flat Call For More Details. . . . .",14 hours ago,"khalid bin walid road, karachi, sindh",43488733,Mustafa Khan,Continental Estate Services,https://www.zameen.com/Profile/Karachi-Continental_Estate_Services-170102-1.html,Verified,138.0,923002020489,mustafaclc@gmail.com,26455.026455026455,1.0
4 BED DD FLAT FOR SALE ON TIPU SULTAN ROAD BRAND NEW PROJECT ROSHAN TOWER,87500000.0,https://www.zameen.com/Property/karachi_tipu_sultan_road_4_bed_dd_flat_for_sale_on_tipu_sultan_road_brand_new_project_roshan_tower-50312655-415-1.html,4.0,5.0,2403.0,FLAT FOR SALE ON TIPU SULTAN ROAD BRAND NEW PROJECT ROSHAN TOWER 2 SIDE CORNER FLAT 4 BED WITH ATTACHED BATH HUGE LOUNGE WITH POWDER WASHROOM BIG KICTHEN WITH WASHING AREA AND DIRTY KITCHEN 2 BIG TERRACE ONE WITH BEDROOM AND ONE IN LOUNGE STORE SEVENT QUATER 4 TURBO LIFT RESERVED CAR PARKING STANDBY GENERATOR 24 SECURITY AND ALL MODERN AMINITIES VVIP LOCATION OF TIPE SULTAN ROAD.  CALL FOR MORE DETAILS. . . . . .,14 hours ago,"tipu sultan road, karachi, sindh",50312655,Mustafa Khan,Continental Estate Services,https://www.zameen.com/Profile/Karachi-Continental_Estate_Services-170102-1.html,Verified,138.0,923002020489,mustafaclc@gmail.com,36412.81731169372,0.8
3 Bed Luxury Apartment For Sale In Well Maintained Building On Shaheed E Millat Road,27000000.0,https://www.zameen.com/Property/karachi_shaheed_millat_road_3_bed_luxury_apartment_for_sale_in_well_maintained_building_on_shaheed_e_millat_road-52372292-413-1.html,3.0,3.0,1602.0,Luxury Apartment for Sale in Well Maintained Building on Shaheed e Millat Road.  3 bed attached bath huge lounge big drawing room Kitchen Washing area Balcony Reserved Car parking CCTV Camera Security camera Sweet Water 24 security low maintenance call for more details,14 hours ago,"shaheed millat road, karachi, sindh",52372292,Mustafa Khan,Continental Estate Services,https://www.zameen.com/Profile/Karachi-Continental_Estate_Services-170102-1.html,Verified,138.0,923002020489,mustafaclc@gmail.com,16853.932584269663,1.0
3 Bed dd in Small Project in 3 side Corner well Maintained project,31000000.0,https://www.zameen.com/Property/karachi_shaheed_millat_road_3_bed_dd_in_small_project_in_3_side_corner_well_maintained_project-53207533-413-1.html,3.0,3.0,1503.0,"Flat Available For Sale In Small Project In 3 Side Corner Well Maintained Project.  3 Bed With Attached Bath Lounge Drawing Room Kitchen Washing Area Terrace Available All Amenities Lift, Generator, Parking, Security Guard, Camera Call For More Details. . . . . . .",14 hours ago,"shaheed millat road, karachi, sindh",53207533,Mustafa Khan,Continental Estate Services,https://www.zameen.com/Profile/Karachi-Continental_Estate_Services-170102-1.html,Verified,138.0,923002020489,mustafaclc@gmail.com,20625.415834996675,1.0
1100 Sq Ft 2 Bed Dd Huge Apartment In Garden East 2nd Floor Mona Apartment,16500000.0,https://www.zameen.com/Property/jamshed_town_garden_east_1100_sq_ft_2_bed_dd_huge_apartment_in_garden_east_2nd_floor_mona_apartment-53835911-6922-1.html,2.0,2.0,1098.0,"2 Bed DD Apartment for Sale Garden East | Mona Apartment A beautifully newly renovated 1100 sq. ft. 2 Bed DD apartment is available for sale on the 2nd floor of Mona Apartment, Garden East.   Property Features: 2 Spacious Bedrooms Drawing & Dining Area (DD) Huge Layout 1100 sq. ft.  Newly Renovated Fresh & Modern Look Well-Maintained Building Ideal 2nd Floor Location  Prime Location Garden East Located in a peaceful and family-oriented area, this apartment is especially ideal for the Memon and Ismaili community.  Walking distance to Mosque Close to Jamat Khana Nearby schools, markets & daily necessities Secure and friendly neighborhood Perfect for families looking for comfort, convenience, and community living in the heart of the city.  Best investment opportunity for investors flat already rented 50k per month.   Serious buyers may contact for further details and visit.",14 hours ago,"jamshed town, karachi, sindh",53835911,Saifullah Mustafa Khan,Continental Estate Services,https://www.zameen.com/Profile/Karachi-Continental_Estate_Services-170102-1.html,Verified,138.0,923312015667,mustafaclc@gmail.com,15027.322404371585,1.0
Prime Location 1135 Square Feet Flat In Stunning North Nazimabad - Block A Is Available For sale,18000000.0,https://www.zameen.com/Property/north_nazimabad_north_nazimabad_-_block_a_prime_location_1135_square_feet_flat_in_stunning_north_nazimabad_-_block_a_is_available_for_sale-54062970-7209-1.html,2.0,2.0,1134.0,Flat for sale on booking  2 bed dd with attach bat 1135 square feet 3 year easy installment  Price start from 1.80 to 3 carror Behind dil passand All type available Type A 1615sqft Price: 2.95cr Type B 1565sqft Price: 2.90cr Type C 1630 sqft Price: 3cr Type D 1310 sqft price: 2.30cr Type E 1120sqft Price: 1.90cr Type F 1290 sqft price: 2.20cr,18 hours ago,"north nazimabad, karachi, sindh",54062970,"Adeel,Anus",MZ Associates,https://www.zameen.com/Profile/Karachi-MZ_Associates-165968-1.html,Verified,25.0,923332171022,zain96_00@hotmail.com,15873.015873015873,1.0
Dha Ittehad Commercial Apartment On Installment,27500000.0,https://www.zameen.com/Property/dha_phase_6_ittehad_commercial_area_dha_ittehad_commercial_apartment_on_installment-53911981-6673-1.html,3.0,3.0,1017.0,"Fresh Booking Available at Dha Phase 6 Ittehad Comercial Karachi  On A Extraordinary Location of 200 Yards Plot bunglow facing,both side Road, Apartments Entrance Bunglow Face  Next to Corner & On Main T junction  Plaining  3 Bed Attached Bath with Lounge  Spacious Gallery & Service Balcony 1st floor price 28 M ( advance20%) 2nd floor price 28 M ( advance20%) 3rd floor Price 27.5 M( advance20%) 4th floor Price 27.5M ( advance20%) Digging 20%  Remaining 18 Installment KEY FEATURES Imported Lift 2' x 4' AAA Premium Tile Flooring Faisal Sanitary Fittings Pakistan Cable / Fast Cable /  For Further Details & Booking feel free to Contact  Estate Era - Building 9C Mezaninie Floor Chota Bukhari Comercial Dha phase 6 Karachi",9 hours ago,"dha defence, karachi, sindh",53911981,M Wajid Abbasi,Estate Era,https://www.zameen.com/Profile/Karachi-Estate_Era-177226-1.html,Verified,33.0,923002369689,estateerakhi@gmail.com,27040.31465093412,1.0
Cliftons most prestigious address luxury 3-bed apartments at Bath Island designed for elite living & smart investment.,59500000.0,https://www.zameen.com/Property/karachi_bath_island_cliftons_most_prestigious_address_luxury_3-bed_apartments_at_bath_island_designed_for_elite_living_smart_investment-50171333-198-1.html,3.0,4.0,2115.0,"Luxury Living Redefined in Clifton Karachi Presenting a signature residential project by OK Estate & Builders where elegance meets comfort. Experience premium 3 Bed Luxury Apartments in the heart of Bath Island, Clifton with flexible installment plans.  Prime Location: Bath Island, Clifton Karachi Apartment Options Type A (Front Facing)2,196 Sqft Type A-1 ( Cross West & East Open)2,112 Sqft Type A-2 (Back Facing / West Open) 2,059 Sqft Premium Amenities 24/7 CCTV Security Dedicated Parking Floor Grand Reception & Stylish Lobby Standby Generator & Backup Power Central Air Conditioning & Heating High-Speed Elevators (Service & Passenger) Spacious Parking Waste Disposal System Outdoor & Terrace Sitting Areas Kids Play Area Elegant Drawing, Dining & Lounge Spaces Project Structure: Ground + 20 Floors Why Choose This Project?Live in a prestigious address designed for comfort, security, and long-term value perfect for families and smart investors alike.  **Book Your Dream Home Today!**For details & bookings, contact:Shahzaib GabaOK Estate & Builders Your luxury lifestyle starts here.",13 hours ago,"bath island, karachi, sindh",50171333,Shahzaib Gaba,OK Estate builders,https://www.zameen.com/Profile/Karachi-_OK_Estate_builders-201902-1.html,Verified,235.0,923242903943,anasanwer20@hotmail.com,28132.387706855792,0.75
"Corner Category 990 Sq Ft 2 BHK Ready-to-Move Apartment For Sale Precinct-19, Bahria Town Karachi Near Entrance, Just 2 Km from Main Gate | Ideal for Residence or Investment.",7100000.0,https://www.zameen.com/Property/bahria_town_karachi_bahria_apartments_corner_category_990_sq_ft_2_bhk_ready-to-move_apartment_for_sale_precinct-19_bahria_town_karachi_near_entrance_just_2_km_from_main_gate_ideal_for_residence_or_investment-53681391-9030-1.html,2.0,2.0,990.0,"Exclusively Offered by NUH Properties & Builders! A luxurious 2-bedroom apartment spanning 990 square feet is available for sale in Bahria Town, Karachi.  Situated within Bahria Apartments on Jinnah Avenue, adjacent to the main entrance gate of Bahria Town Karachi, this brand new apartment boasts a prime location. With over 3000 families already residing in Bahria Apartments, it offers a thriving community atmosphere.  Featuring 2 bedrooms with attached bathrooms and a spacious TV lounge, this apartment is perfect for comfortable living.  Bahria Town Karachi offers world-class amenities and exciting tourist attractions, including replicas of iconic landmarks like the Taj Mahal and the Eiffel Tower, as well as Central Park, Carnival, Rafi Cricket Stadium, and more.  Please note that NUH Properties & Builders also offers various options of apartments, 125 plots, and villas in different blocks of Bahria Town Karachi.  Bahria Town Karachi is a meticulously planned gated community that ensures international standards of infrastructure and top-notch amenities for its residents.  Here are some of the key features of Bahria Town Karachi: - State-of-the-art security with 24/7 surveillance - Commercial areas, cinemas, hospitals - Sports facilities, community sports club, zoo - Schools, colleges, and an international university - Theme park, play-land, water rides - Monuments like the Eiffel Tower and Taj Mahal - Grand Jamia Mosque with a capacity of about 1 million - 5-star international hotel, USGA standard golf course - Grid station, telephone exchange - Transport system connecting Bahria Town to the city center - 100% backup power (no load-shedding) Contact NUH Properties & Builders today at the provided number to seize this incredible opportunity!",14 hours ago,"bahria town karachi, karachi, sindh",53681391,Abdul Basit,NUH Properties,https://www.zameen.com/Profile/Karachi-NUH_Properties-190782-1.html,Verified,293.0,923343158216,basimfaridi@gmail.com,7171.717171717171,1.0
Renovated Two Beds DD,9500000.0,https://www.zameen.com/Property/dha_phase_5_badar_commercial_area_renovated_two_beds_dd-54057474-8484-1.html,2.0,2.0,900.0,Two Beds DD first floor without mezzanine drawing  kitchen balcony,16 hours ago,"dha defence, karachi, sindh",54057474,SAMI UDDIN KHATTAK,Khattak Associates,https://www.zameen.com/Profile/Karachi-Khattak_Associates-202113-1.html,Verified,75.0,923362443136,hashmatfaraz.hf@gmail.com,10555.555555555555,1.0
Flat Available For Sale At Main Khayaban Seher Shehbaz Commercial Phase 6,14000000.0,https://www.zameen.com/Property/dha_phase_6_shahbaz_commercial_area_flat_available_for_sale_at_main_khayaban_seher_shehbaz_commercial_phase_6-49386314-8488-1.html,2.0,2.0,900.0,"Flat Available For Sale At Main Khe Seher Shehbaz Com: Phase 6,  Having 2 Bed Drawing Dinning on 1st Floor With Mezzanine, West Open Newley Renovated Kitchen And Bathroom With New Sanitary Bungalow And Road Facing Mutation and All Documents complete",16 hours ago,"dha defence, karachi, sindh",49386314,Syed Farhan Ahmed,Johar Estate,https://www.zameen.com/Profile/Karachi-Johar_Estate-155330-1.html,Verified,21.0,923008287378,joharestate@hotmail.com,15555.555555555555,1.0
Luxurious 3-Bedroom D Apartments For Sale!,24000000.0,https://www.zameen.com/Property/jinnah_avenue_roomi_residency_luxurious_3-bedroom_d_apartments_for_sale-53161089-16680-1.html,3.0,3.0,1629.0,"2 YEAR OLD BUILDING Luxurious 3-Bedroom Apartments for Sale! ( Rented Flat on 75000) Location: Boundary Wall Project Roomi Residency (Opposite Malir Cantt) Price: PKR 2.4 Crore  Bank Loan Facility Available  Sublease Documents  ________________________________________ Property Highlights: Spacious 3 Bedrooms with attached baths & built-in almirahs  Modern Living in a secure boundary wall project Ample Parking with Reserved Spots for residents 3 High-Speed Lifts for easy access to all floors Exclusive Tower Lobbies for privacy & comfort Community Hall inside the project for events & gatherings Standby Generator ensuring uninterrupted power supply 24/7 Utilities sweet water, electricity, and gas always available ________________________________________ Experience luxury and convenience in this meticulously designed apartment. Perfect for families seeking comfort, security, and a vibrant community lifestyle.  For Inquiries & Viewing Appointments:",16 hours ago,"jinnah avenue, karachi, sindh",53161089,Syed Farhan Ahmed,Johar Estate,https://www.zameen.com/Profile/Karachi-Johar_Estate-155330-1.html,Verified,21.0,923212337373,joharestate@hotmail.com,14732.965009208103,1.0
Sea Facing 4 Bedroom Duplex Apartment For Sale,82500000.0,https://www.zameen.com/Property/clifton_clifton_-_block_4_sea_facing_4_bedroom_duplex_apartment_for_sale-54065351-1666-1.html,4.0,4.0,4500.0,"*4 BED DUPLEX FOR SALE*  Live Grand at 70 Riviera, Block 4 Clifton!  Details: 4-Bed Duplex| 4600 Sqft *Demand: 8.5 Crores* Top Floor | Breathtaking Sea & Skyline Views  Features: 4 Spacious Bedrooms 5 Stylish Bathrooms Drawing, Dining, Lounge & Kitchen Extra Dirty Kitchen Servant Quarter + Store West Open Balcony Full Backup Generator Standby Lift Swimming Pool Jogging Track Fully Equipped Gym Mosque 2 Reserved Parking Spaces Status: Leased & Documented  Contact Now: Dominate And Builders   Step into luxury. Own the view today!",17 hours ago,"clifton, karachi, sindh",54065351,Chaudhry Shahbaz M,Dominate Builders,https://www.zameen.com/Profile/Karachi-Dominate_Builders-205362-1.html,Verified,6.0,923292153782,smaqbool82@icloud.com,18333.333333333332,1.0
Flat For Sale,9000000.0,https://www.zameen.com/Property/buffer_zone_bufferzone_-_sector_15-a_1_flat_for_sale-53934614-8951-1.html,2.0,2.0,999.0,"Mezzanine floor 2 Bed + Drawing Dining.  Beautiful Irani tiles on walls of masterbed and drawingroom + lower walls of dining room, Marble flooring, Huge inbuilt wall to wall cupboard installed, New Lines for Gas, Sewerage, Water and Electricity recently installed, Water Tank installed inside the flat (Balcony) Electricity Breaker system installed for each room, Mat Finish paint in the entire flat.  Newly painted Master Bedroom, Newly Renovated Kitchen: Full wall tiling, New cabinets and shelves, New flooring.  Flat located near the building entrance, Underground Car Parking, Easy access Bike Parking, 24/7 Security Guard on Apartment entrance, Airy and well ventilated house, Proper access to sunlight, Roadside Balcony and Window.  Nearby: One of the Biggest mobile Mall in karachi Shopping Mall, Marriage Halls, Multiple Schools, Petrol Pumps, Green Bus Station + Other Public Transport Stops, Medical, food and all types of shops right outside the building, 5 Star food street 5 minutes away, Computer Market 3 minutes away, Flat under residents name, All bills under residents name. (paid till date) Complete file, Ready for Possession in 1 month Only Serious Buyers Contact.",17 hours ago,"north karachi, karachi, sindh",53934614,,,,Verified,32.0,923002633658,,9009.009009009009,1.0
LEASED DIRECT OWNER MEETING BEST FOR LIVING,7250000.0,https://www.zameen.com/Property/scheme_33_scheme_33_-_sector_35-a_leased_direct_owner_meeting_best_for_living-53477581-9297-1.html,2.0,2.0,747.0,MEHRAN TOWER  TED NEAR MAIN SAFOORA CHAWRANGI NEAR RIMJHIM TOWER NEAR KU UNIVERSITY ROAD FACILITIES LIFT STAND BY GENERATOR BOUNDARY WALL PROJECT BOUNDARY WALL PARKING CHILDREN PLAY AREA ALL DOCUMENTS CLEARED COMPLETELY BOUNDARY WALL PROJECT LIFT ALSO AVAILABLE BRAND NEW FLAT AVAILABLE FOR SALE LEASED PROJECT LEASED FLAT 2 BED LOUNGE 750 SQFT BUILDER CONDITIONFlat for Sale Brand new 2 bed lounge Westopen 6 TH floor Corner Compound facing Builder condition LEASED Boundary wall Covered Car Parking 24/7 water n electricity Location= Near Eden banquet Behind rim jhim tower Near safoora Chowrangi,15 hours ago,"scheme 33, karachi, sindh",53477581,Abdul Samad,AFFAN PROPERTY POINT,https://www.zameen.com/Profile/Karachi-_AFFAN_PROPERTY_POINT-204031-1.html,Verified,44.0,923342017439,samadjee510@gmail.com,9705.488621151271,1.0
2 Bed 1100 Sq Feet Bahria Heights Apartment For Sale In Bahria Town Karachi,6000000.0,https://www.zameen.com/Property/bahria_town_karachi_bahria_heights_2_bed_1100_sq_feet_bahria_heights_apartment_for_sale_in_bahria_town_karachi-53485673-11761-1.html,2.0,3.0,1098.0,"Property Highlights: - Size: 1100 Sqft | Bedrooms: 2 | Bathrooms: 3  - Prime Location: Situated in Heights, Bahria Town Karachi a secure, fully developed community with parks, schools, and shopping centers.  - Modern Design: Elegant finishes, spacious rooms, and high-quality fittings.  - Amenities: 24/7 security, covered parking, elevators, and proximity to Bahrias iconic facilities.  - Investment Opportunity: High demand area with guaranteed.  Why Buy This Apartment ? - Affordable Luxury: Premium living at a competitive price.  - Prime Address: Enjoy Bahria Towns lifestyle with unmatched convenience.  Without Possession  For details Contact us",15 hours ago,"bahria town karachi, karachi, sindh",53485673,ZAMI ASSOCIATES,Buraq Associates,https://www.zameen.com/Profile/Karachi-Buraq_Associates-178425-1.html,Verified,48.0,923339419329,rz0289478@gmail.com,5464.48087431694,0.6666666666666666
4 Bed Bahria Apartment 2950 Sqft For Sale In Bahria Town Karachi,27500000.0,https://www.zameen.com/Property/bahria_town_karachi_bahria_town_-_precinct_19_4_bed_bahria_apartment_2950_sqft_for_sale_in_bahria_town_karachi-53485652-10030-1.html,4.0,5.0,2952.0,"Property Highlights: - Size: 2950 Sqft | Bedrooms: 4 | Bathrooms: 5 - Prime Location: Situated In Precinct 19, Bahria Town Karachi A Secure, Fully Developed Community With Parks, Schools, And Shopping Centers.  - Modern Design: Elegant Finishes, Spacious Rooms, And High-Quality Fittings.  - Amenities: 24/7 Security, Covered Parking, Elevators, And Proximity To Bahrias Iconic Facilities.  - Investment Opportunity: High Demand Area With Guaranteed.  Why Buy This Apartment ? - Ready To Move In: No Waiting Perfect For Families Or Investors.  - Affordable Luxury: Premium Living At A Competitive Price.  - Prime Address: Enjoy Bahria Towns Lifestyle With Unmatched Convenience For Details Contact Us",15 hours ago,"bahria town karachi, karachi, sindh",53485652,ZAMI ASSOCIATES,Buraq Associates,https://www.zameen.com/Profile/Karachi-Buraq_Associates-178425-1.html,Verified,48.0,923339419329,rz0289478@gmail.com,9315.718157181573,0.8
2500 Square Feet Ground Floor Apartment On Sale Bath Island,60000000.0,https://www.zameen.com/Property/karachi_bath_island_2500_square_feet_ground_floor_apartment_on_sale_bath_island-53237199-198-1.html,4.0,5.0,2502.0,Apartment for Sale Location: Bath Island Well Maintained Project Accomodations:- 4 Bedroom with attach Bath.  Drawing Dining  2500 Square ft  Kitchen & Grecee Kitchen  Store Room Powder Room Tile Flooring  2 Reserved Car Parking 24/7 Water Slightly Use Ground Floor Servant Quarter  For visits and Details:,15 hours ago,"bath island, karachi, sindh",53237199,Affan Asif,Abdullah Estates,https://www.zameen.com/Profile/Karachi-Abdullah_Estates-154252-1.html,Verified,48.0,923180034134,abdullahestates@yahoo.com,23980.815347721822,0.8
1762 Sqft Apartment For Sale in Bahria Town Karachi,9500000.0,https://www.zameen.com/Property/bahria_town_karachi_bahria_town_-_jinnah_avenue_1762_sqft_apartment_for_sale_in_bahria_town_karachi-53658496-13847-1.html,3.0,4.0,1764.0,"Property Highlights: - Size: 1762 Sqft | Bedrooms: 3 | Bathrooms: 4 - Prime Location: Situated in , Bahria Town Karachi a secure, fully developed community with parks, schools, and shopping centers.  - Modern Design: Elegant finishes, spacious rooms, and high-quality fittings.  - Amenities: 24/7 security, covered parking, elevators, and proximity to Bahrias iconic facilities.  - Investment Opportunity: High demand area with guaranteed.   Why Buy This Apartment ? - Ready to Move In: No waiting perfect for families or investors.  - Affordable Luxury: Premium living at a competitive price.  - Prime Address: Enjoy Bahria Towns lifestyle with unmatched convenience For details contact us. . . .",15 hours ago,"bahria town karachi, karachi, sindh",53658496,ZAMI ASSOCIATES,Buraq Associates,https://www.zameen.com/Profile/Karachi-Buraq_Associates-178425-1.html,Verified,48.0,923339419329,rz0289478@gmail.com,5385.487528344671,0.75
2 Bed Lift & Parking Apartment For Sale In Big   Nishat Commercial DHA Karachi,25000000.0,https://www.zameen.com/Property/dha_phase_6_nishat_commercial_area_2_bed_lift_parking_apartment_for_sale_in_big_nishat_commercial_dha_karachi-53847979-8491-1.html,2.0,2.0,1404.0,"1. Like Brand new apartment available for sale in the heart of Big  Nishat .  2. Located on the convenient 4th floor of a well-maintained building.  3. Total covered area is 1400 square feet, offering spacious living.  4. The building features a dedicated lift for easy floor access.  5. Reserved parking space is also included with the apartment.  6. Ideal for small to medium-sized families looking for comfort.  7. Situated in a prime location with excellent surroundings.  8. The property is priced at 250 Lac (2.50 Crore).  9. This is a great investment opportunity with high resale value.  10. Don't miss the chance to own your dream home.  Contact now for details View Contact Detail WhatsApp or Call",15 hours ago,"dha defence, karachi, sindh",53847979,ZAMI ASSOCIATES,Buraq Associates,https://www.zameen.com/Profile/Karachi-Buraq_Associates-178425-1.html,Verified,48.0,923339419329,rz0289478@gmail.com,17806.267806267806,1.0
2 Bed 1st Floor Apartment For Sale In Sehar Commercial DHA Karachi,19500000.0,https://www.zameen.com/Property/dha_phase_7_sehar_commercial_area_2_bed_1st_floor_apartment_for_sale_in_sehar_commercial_dha_karachi-53847951-8489-1.html,2.0,2.0,999.0,"Location: First Floor, Sehar Commercial, (DHA/Defence) Karachi Specs: 2 Bedrooms, Spacious Lounge, Modern Kitchen, and Baths.  Highlight: Bungalow Facing (Peaceful view, no commercial chaos, excellent light and air).  Price: Rs. 1.95 Crore (Only serious inquiries)  Perfect for investment or your own living.  Prime commercial area with easy access.  For Details View Contact Detail WhatsApp or Call",15 hours ago,"dha defence, karachi, sindh",53847951,ZAMI ASSOCIATES,Buraq Associates,https://www.zameen.com/Profile/Karachi-Buraq_Associates-178425-1.html,Verified,48.0,923339419329,rz0289478@gmail.com,19519.51951951952,1.0
2 Bed 1st Floor Apartment For Sale In Sehar Commercial DHA Karachi,21500000.0,https://www.zameen.com/Property/dha_phase_7_sehar_commercial_area_2_bed_1st_floor_apartment_for_sale_in_sehar_commercial_dha_karachi-53847944-8489-1.html,2.0,2.0,1098.0,"Location: First Floor, Sehar Commercial, (DHA/Defence) Karachi  Specs: 2 Bedrooms, Spacious Lounge, Modern Kitchen, and Baths.  Highlight: (Peaceful view, no commercial chaos, excellent light and air).  Price: Rs. 2.15 Crore (Only serious inquiries)  Perfect for investment or your own living.  Prime commercial area with easy access.  For Details WhatsApp or Call",15 hours ago,"dha defence, karachi, sindh",53847944,ZAMI ASSOCIATES,Buraq Associates,https://www.zameen.com/Profile/Karachi-Buraq_Associates-178425-1.html,Verified,48.0,923339419329,rz0289478@gmail.com,19581.05646630237,1.0
